{
"type": "FeatureCollection",
"name": "comuni_plastic",
"xy_coordinate_resolution": 1e-05,
"features": [
{ "type": "Feature", "properties": { "fid": 1, "name": "Bernalda", "op_id": "6580", "name_de": null, "name_sl": null, "minint_ele": "3170470030", "minint_fin": "4170470030", "name_it": null, "prov_name": "Matera", "prov_istat": "077", "prov_ist_1": 77, "prov_acr": "MT", "reg_name": "Basilicata", "reg_istat_": "17", "reg_ista_1": 17, "opdm_id": "6755", "com_catast": "A801", "com_istat_": "077003", "com_ista_1": 77003 }, "geometry": { "type": "GeometryCollection", "geometries": [ { "type": "Polygon", "coordinates": [ [ [ 16.65175, 40.45022 ], [ 16.65022, 40.45022 ], [ 16.64986, 40.45022 ], [ 16.65129, 40.44582 ], [ 16.65511, 40.44102 ], [ 16.65552, 40.44055 ], [ 16.65597, 40.44023 ], [ 16.65663, 40.44008 ], [ 16.65697, 40.43996 ], [ 16.6573, 40.43962 ], [ 16.65918, 40.43752 ], [ 16.65954, 40.43707 ], [ 16.66168, 40.43421 ], [ 16.66291, 40.43215 ], [ 16.66466, 40.42872 ], [ 16.6653, 40.42414 ], [ 16.66524, 40.4237 ], [ 16.65888, 40.41002 ], [ 16.6583, 40.40885 ], [ 16.65256, 40.40473 ], [ 16.65472, 40.40027 ], [ 16.66474, 40.39742 ], [ 16.66519, 40.39773 ], [ 16.66561, 40.398 ], [ 16.66616, 40.3983 ], [ 16.6667, 40.39853 ], [ 16.66728, 40.39876 ], [ 16.66791, 40.39894 ], [ 16.66847, 40.39901 ], [ 16.66963, 40.39904 ], [ 16.67011, 40.39888 ], [ 16.67055, 40.39861 ], [ 16.67082, 40.39832 ], [ 16.67116, 40.39784 ], [ 16.67124, 40.3954 ], [ 16.67121, 40.39389 ], [ 16.67116, 40.39322 ], [ 16.67092, 40.39262 ], [ 16.67034, 40.39206 ], [ 16.66993, 40.39185 ], [ 16.66933, 40.39182 ], [ 16.66877, 40.39188 ], [ 16.66833, 40.39207 ], [ 16.66816, 40.3924 ], [ 16.66805, 40.39281 ], [ 16.66804, 40.39322 ], [ 16.66788, 40.39368 ], [ 16.66754, 40.39386 ], [ 16.66719, 40.394 ], [ 16.66688, 40.39402 ], [ 16.66604, 40.39395 ], [ 16.66526, 40.39365 ], [ 16.66487, 40.39332 ], [ 16.66323, 40.39173 ], [ 16.66312, 40.3913 ], [ 16.66346, 40.39077 ], [ 16.66509, 40.38955 ], [ 16.66555, 40.38924 ], [ 16.66612, 40.3889 ], [ 16.66664, 40.38862 ], [ 16.66742, 40.38831 ], [ 16.66815, 40.38806 ], [ 16.68031, 40.38494 ], [ 16.68153, 40.38525 ], [ 16.68198, 40.38537 ], [ 16.68222, 40.38564 ], [ 16.68879, 40.38654 ], [ 16.69533, 40.38268 ], [ 16.69578, 40.38247 ], [ 16.69644, 40.3823 ], [ 16.6974, 40.38229 ], [ 16.69966, 40.38242 ], [ 16.70021, 40.38256 ], [ 16.70079, 40.38273 ], [ 16.70129, 40.3829 ], [ 16.7021, 40.3832 ], [ 16.70333, 40.38405 ], [ 16.70362, 40.38433 ], [ 16.70384, 40.38456 ], [ 16.70402, 40.3848 ], [ 16.71423, 40.38798 ], [ 16.71513, 40.38818 ], [ 16.71554, 40.38819 ], [ 16.71581, 40.38818 ], [ 16.71592, 40.38798 ], [ 16.71599, 40.38711 ], [ 16.716, 40.38666 ], [ 16.71597, 40.38614 ], [ 16.71592, 40.38562 ], [ 16.7158, 40.38501 ], [ 16.71555, 40.38401 ], [ 16.71536, 40.38341 ], [ 16.71519, 40.38288 ], [ 16.71498, 40.38195 ], [ 16.71482, 40.38099 ], [ 16.71471, 40.38019 ], [ 16.71558, 40.37987 ], [ 16.71596, 40.37974 ], [ 16.71656, 40.37972 ], [ 16.71889, 40.37972 ], [ 16.71964, 40.37974 ], [ 16.72027, 40.37979 ], [ 16.72515, 40.3811 ], [ 16.72623, 40.38144 ], [ 16.72676, 40.3817 ], [ 16.72719, 40.38213 ], [ 16.72727, 40.38246 ], [ 16.72703, 40.38276 ], [ 16.72652, 40.38285 ], [ 16.72583, 40.38281 ], [ 16.72532, 40.38283 ], [ 16.72465, 40.38294 ], [ 16.72414, 40.38313 ], [ 16.72359, 40.38336 ], [ 16.72302, 40.38366 ], [ 16.72244, 40.38398 ], [ 16.72188, 40.38439 ], [ 16.72041, 40.38551 ], [ 16.72007, 40.38586 ], [ 16.71984, 40.38619 ], [ 16.71975, 40.38657 ], [ 16.71977, 40.38688 ], [ 16.72074, 40.38966 ], [ 16.72091, 40.39007 ], [ 16.72109, 40.39043 ], [ 16.72132, 40.39068 ], [ 16.72184, 40.39088 ], [ 16.72249, 40.39086 ], [ 16.72258, 40.39086 ], [ 16.72367, 40.39078 ], [ 16.72418, 40.3907 ], [ 16.73035, 40.38929 ], [ 16.74351, 40.38672 ], [ 16.76263, 40.38327 ], [ 16.76321, 40.38352 ], [ 16.76382, 40.38371 ], [ 16.76443, 40.38374 ], [ 16.76477, 40.38374 ], [ 16.76725, 40.38316 ], [ 16.77197, 40.38171 ], [ 16.77243, 40.38151 ], [ 16.7771, 40.37413 ], [ 16.78179, 40.36625 ], [ 16.79222, 40.36342 ], [ 16.79252, 40.36345 ], [ 16.79317, 40.36352 ], [ 16.79386, 40.36354 ], [ 16.79464, 40.36351 ], [ 16.80053, 40.36163 ], [ 16.80129, 40.36129 ], [ 16.80172, 40.36108 ], [ 16.80202, 40.36087 ], [ 16.81141, 40.35268 ], [ 16.81166, 40.35216 ], [ 16.8118, 40.35174 ], [ 16.81177, 40.35132 ], [ 16.81156, 40.35096 ], [ 16.81105, 40.35045 ], [ 16.81064, 40.35006 ], [ 16.80934, 40.3486 ], [ 16.80901, 40.34807 ], [ 16.80882, 40.3475 ], [ 16.80869, 40.34684 ], [ 16.80865, 40.34612 ], [ 16.80861, 40.34544 ], [ 16.8087, 40.34514 ], [ 16.80882, 40.34472 ], [ 16.80926, 40.34424 ], [ 16.81168, 40.34415 ], [ 16.82215, 40.34205 ], [ 16.82242, 40.3423 ], [ 16.82261, 40.3425 ], [ 16.82271, 40.34262 ], [ 16.82285, 40.34275 ], [ 16.82298, 40.34287 ], [ 16.8232, 40.3431 ], [ 16.82334, 40.34329 ], [ 16.82362, 40.34358 ], [ 16.82383, 40.34383 ], [ 16.82398, 40.34398 ], [ 16.82406, 40.34406 ], [ 16.82425, 40.34426 ], [ 16.82435, 40.34435 ], [ 16.82445, 40.34451 ], [ 16.82455, 40.34461 ], [ 16.8246, 40.34465 ], [ 16.82469, 40.34473 ], [ 16.82494, 40.34497 ], [ 16.82518, 40.34521 ], [ 16.82525, 40.34529 ], [ 16.82529, 40.34532 ], [ 16.82536, 40.34539 ], [ 16.8254, 40.34543 ], [ 16.82555, 40.3456 ], [ 16.82572, 40.34581 ], [ 16.82579, 40.34588 ], [ 16.82588, 40.34595 ], [ 16.82606, 40.34612 ], [ 16.82612, 40.34617 ], [ 16.82616, 40.34623 ], [ 16.82619, 40.34627 ], [ 16.82623, 40.34632 ], [ 16.82624, 40.34636 ], [ 16.82626, 40.34639 ], [ 16.82634, 40.34646 ], [ 16.82642, 40.34653 ], [ 16.82647, 40.34657 ], [ 16.82655, 40.34661 ], [ 16.8266, 40.34664 ], [ 16.82663, 40.34665 ], [ 16.82667, 40.34668 ], [ 16.82683, 40.34684 ], [ 16.8269, 40.34691 ], [ 16.82696, 40.34697 ], [ 16.82702, 40.34703 ], [ 16.82708, 40.3471 ], [ 16.82727, 40.34731 ], [ 16.82735, 40.34742 ], [ 16.82754, 40.34764 ], [ 16.82762, 40.34775 ], [ 16.82778, 40.34792 ], [ 16.8278, 40.34795 ], [ 16.82787, 40.34808 ], [ 16.82791, 40.34815 ], [ 16.82796, 40.34821 ], [ 16.828, 40.34828 ], [ 16.82805, 40.34832 ], [ 16.8281, 40.34838 ], [ 16.8282, 40.34848 ], [ 16.82828, 40.34859 ], [ 16.82833, 40.34865 ], [ 16.8284, 40.34871 ], [ 16.82848, 40.34879 ], [ 16.82853, 40.34882 ], [ 16.82858, 40.34885 ], [ 16.82863, 40.3489 ], [ 16.82887, 40.34919 ], [ 16.8289, 40.34923 ], [ 16.82902, 40.34941 ], [ 16.82914, 40.34959 ], [ 16.82933, 40.34985 ], [ 16.8294, 40.34996 ], [ 16.82945, 40.35005 ], [ 16.82951, 40.35014 ], [ 16.82958, 40.35024 ], [ 16.82959, 40.35024 ], [ 16.82964, 40.35029 ], [ 16.82968, 40.35032 ], [ 16.82981, 40.35041 ], [ 16.82986, 40.35046 ], [ 16.8299, 40.35053 ], [ 16.82997, 40.35065 ], [ 16.83002, 40.35072 ], [ 16.83008, 40.35078 ], [ 16.83018, 40.35087 ], [ 16.83028, 40.35096 ], [ 16.83033, 40.35102 ], [ 16.83038, 40.35107 ], [ 16.83041, 40.35113 ], [ 16.83041, 40.35117 ], [ 16.83042, 40.35121 ], [ 16.83043, 40.35126 ], [ 16.83047, 40.35134 ], [ 16.83049, 40.35139 ], [ 16.83054, 40.35149 ], [ 16.83061, 40.35156 ], [ 16.83068, 40.35164 ], [ 16.83084, 40.3518 ], [ 16.83088, 40.35186 ], [ 16.83094, 40.35195 ], [ 16.83099, 40.35201 ], [ 16.83104, 40.35207 ], [ 16.83109, 40.35214 ], [ 16.83116, 40.35222 ], [ 16.83132, 40.35236 ], [ 16.83147, 40.35249 ], [ 16.83157, 40.35258 ], [ 16.83164, 40.35266 ], [ 16.83168, 40.35273 ], [ 16.83175, 40.35278 ], [ 16.83189, 40.3529 ], [ 16.83196, 40.35295 ], [ 16.83198, 40.35298 ], [ 16.83201, 40.35302 ], [ 16.83203, 40.35309 ], [ 16.83205, 40.35314 ], [ 16.83208, 40.3532 ], [ 16.8321, 40.35326 ], [ 16.83213, 40.3533 ], [ 16.83216, 40.35336 ], [ 16.8322, 40.35342 ], [ 16.83225, 40.35347 ], [ 16.83229, 40.35351 ], [ 16.83253, 40.35378 ], [ 16.83262, 40.35392 ], [ 16.83271, 40.35405 ], [ 16.8328, 40.35419 ], [ 16.83287, 40.35428 ], [ 16.83293, 40.35433 ], [ 16.83299, 40.35438 ], [ 16.83302, 40.35441 ], [ 16.83305, 40.35445 ], [ 16.83312, 40.35452 ], [ 16.83316, 40.35458 ], [ 16.83323, 40.35468 ], [ 16.83326, 40.35476 ], [ 16.83332, 40.35482 ], [ 16.8334, 40.35491 ], [ 16.83346, 40.35497 ], [ 16.83351, 40.35502 ], [ 16.83355, 40.35506 ], [ 16.83358, 40.35509 ], [ 16.8336, 40.35511 ], [ 16.83363, 40.35515 ], [ 16.83367, 40.35521 ], [ 16.83373, 40.35528 ], [ 16.83378, 40.35535 ], [ 16.83384, 40.35542 ], [ 16.83394, 40.35552 ], [ 16.83398, 40.35555 ], [ 16.83407, 40.35564 ], [ 16.83418, 40.35575 ], [ 16.83431, 40.35587 ], [ 16.83437, 40.35594 ], [ 16.83438, 40.35595 ], [ 16.8344, 40.35598 ], [ 16.83441, 40.356 ], [ 16.83451, 40.35614 ], [ 16.83457, 40.35623 ], [ 16.83459, 40.35626 ], [ 16.83465, 40.35631 ], [ 16.83473, 40.35636 ], [ 16.83478, 40.3564 ], [ 16.83483, 40.35645 ], [ 16.83489, 40.3565 ], [ 16.83491, 40.35653 ], [ 16.83497, 40.35661 ], [ 16.83504, 40.3567 ], [ 16.83509, 40.35677 ], [ 16.83516, 40.35684 ], [ 16.8352, 40.35688 ], [ 16.83525, 40.35696 ], [ 16.83532, 40.35706 ], [ 16.8354, 40.35717 ], [ 16.83545, 40.35726 ], [ 16.83554, 40.35739 ], [ 16.83565, 40.35752 ], [ 16.83577, 40.35766 ], [ 16.83589, 40.35781 ], [ 16.836, 40.35794 ], [ 16.83608, 40.35805 ], [ 16.83611, 40.35809 ], [ 16.83616, 40.35814 ], [ 16.83628, 40.35824 ], [ 16.83635, 40.35832 ], [ 16.83646, 40.35844 ], [ 16.83656, 40.35857 ], [ 16.83674, 40.35876 ], [ 16.83687, 40.35891 ], [ 16.83696, 40.35901 ], [ 16.83705, 40.35917 ], [ 16.83711, 40.35933 ], [ 16.83712, 40.35939 ], [ 16.83715, 40.35943 ], [ 16.83717, 40.35945 ], [ 16.83736, 40.35961 ], [ 16.83748, 40.35971 ], [ 16.83755, 40.3598 ], [ 16.83763, 40.3599 ], [ 16.83769, 40.35997 ], [ 16.8377, 40.35998 ], [ 16.83776, 40.36005 ], [ 16.83789, 40.36016 ], [ 16.83817, 40.3604 ], [ 16.83819, 40.36041 ], [ 16.8382, 40.36042 ], [ 16.83844, 40.36061 ], [ 16.83869, 40.36076 ], [ 16.83874, 40.36077 ], [ 16.83875, 40.36077 ], [ 16.83881, 40.36074 ], [ 16.83882, 40.36074 ], [ 16.83883, 40.36074 ], [ 16.83887, 40.36077 ], [ 16.83889, 40.36079 ], [ 16.8389, 40.3608 ], [ 16.8389, 40.36081 ], [ 16.83884, 40.36085 ], [ 16.83875, 40.36089 ], [ 16.83874, 40.3609 ], [ 16.83873, 40.36091 ], [ 16.83872, 40.36091 ], [ 16.83872, 40.36092 ], [ 16.83871, 40.36092 ], [ 16.83867, 40.36094 ], [ 16.83864, 40.36096 ], [ 16.83864, 40.36097 ], [ 16.83863, 40.36098 ], [ 16.83864, 40.36108 ], [ 16.83869, 40.36117 ], [ 16.83872, 40.36122 ], [ 16.83874, 40.36125 ], [ 16.83877, 40.36129 ], [ 16.83879, 40.36133 ], [ 16.83881, 40.36134 ], [ 16.83893, 40.36144 ], [ 16.83895, 40.36146 ], [ 16.83897, 40.36147 ], [ 16.83904, 40.36157 ], [ 16.83907, 40.36161 ], [ 16.8391, 40.36165 ], [ 16.83913, 40.36169 ], [ 16.83917, 40.36173 ], [ 16.83922, 40.36177 ], [ 16.83924, 40.3618 ], [ 16.83926, 40.36182 ], [ 16.83927, 40.36183 ], [ 16.83931, 40.3619 ], [ 16.83933, 40.36192 ], [ 16.83935, 40.36194 ], [ 16.83939, 40.362 ], [ 16.83943, 40.36204 ], [ 16.83949, 40.36211 ], [ 16.83953, 40.36217 ], [ 16.83959, 40.36223 ], [ 16.83961, 40.36225 ], [ 16.83963, 40.36227 ], [ 16.83965, 40.3623 ], [ 16.83967, 40.36232 ], [ 16.83974, 40.3624 ], [ 16.83976, 40.36242 ], [ 16.83979, 40.36246 ], [ 16.83996, 40.36259 ], [ 16.83999, 40.36263 ], [ 16.84007, 40.3627 ], [ 16.84011, 40.36274 ], [ 16.84022, 40.36286 ], [ 16.84025, 40.3629 ], [ 16.84034, 40.36301 ], [ 16.84037, 40.36304 ], [ 16.8404, 40.36305 ], [ 16.84043, 40.36308 ], [ 16.84045, 40.3631 ], [ 16.84052, 40.36319 ], [ 16.84056, 40.36326 ], [ 16.84059, 40.3633 ], [ 16.84061, 40.36332 ], [ 16.84062, 40.36334 ], [ 16.84066, 40.36339 ], [ 16.84072, 40.36346 ], [ 16.84075, 40.3635 ], [ 16.84079, 40.36355 ], [ 16.84086, 40.36364 ], [ 16.8409, 40.36369 ], [ 16.84096, 40.36374 ], [ 16.84097, 40.36375 ], [ 16.84103, 40.3638 ], [ 16.84105, 40.36382 ], [ 16.84107, 40.36384 ], [ 16.84109, 40.36387 ], [ 16.84117, 40.36398 ], [ 16.8412, 40.36402 ], [ 16.84123, 40.36405 ], [ 16.84124, 40.36407 ], [ 16.84128, 40.36415 ], [ 16.84129, 40.36418 ], [ 16.8413, 40.3642 ], [ 16.84131, 40.36421 ], [ 16.84133, 40.36423 ], [ 16.84136, 40.36427 ], [ 16.84144, 40.36435 ], [ 16.84153, 40.36444 ], [ 16.8416, 40.36451 ], [ 16.84164, 40.36455 ], [ 16.84168, 40.3646 ], [ 16.84172, 40.36465 ], [ 16.84173, 40.36467 ], [ 16.84176, 40.36471 ], [ 16.84178, 40.36473 ], [ 16.84186, 40.36478 ], [ 16.84205, 40.36493 ], [ 16.84213, 40.365 ], [ 16.8422, 40.3651 ], [ 16.84234, 40.36532 ], [ 16.84245, 40.36547 ], [ 16.84257, 40.36563 ], [ 16.84265, 40.36574 ], [ 16.84272, 40.36581 ], [ 16.84283, 40.36592 ], [ 16.84296, 40.36609 ], [ 16.84313, 40.36628 ], [ 16.84322, 40.36639 ], [ 16.84335, 40.36657 ], [ 16.84345, 40.3667 ], [ 16.84356, 40.36682 ], [ 16.84375, 40.36702 ], [ 16.84393, 40.36722 ], [ 16.84406, 40.36734 ], [ 16.84423, 40.36747 ], [ 16.84434, 40.36757 ], [ 16.84453, 40.36775 ], [ 16.84472, 40.36794 ], [ 16.84486, 40.36809 ], [ 16.84495, 40.36823 ], [ 16.84502, 40.36832 ], [ 16.84509, 40.3684 ], [ 16.84523, 40.36855 ], [ 16.84533, 40.36867 ], [ 16.84547, 40.3688 ], [ 16.84553, 40.36888 ], [ 16.84557, 40.36894 ], [ 16.84562, 40.36901 ], [ 16.84568, 40.36908 ], [ 16.84576, 40.36918 ], [ 16.84584, 40.36926 ], [ 16.84593, 40.36938 ], [ 16.846, 40.36947 ], [ 16.84609, 40.36958 ], [ 16.84617, 40.36967 ], [ 16.84628, 40.3698 ], [ 16.84655, 40.37011 ], [ 16.84669, 40.3703 ], [ 16.84689, 40.3705 ], [ 16.84708, 40.37067 ], [ 16.84723, 40.37079 ], [ 16.84733, 40.3709 ], [ 16.84745, 40.37105 ], [ 16.84759, 40.37123 ], [ 16.84767, 40.37135 ], [ 16.84772, 40.37145 ], [ 16.84772, 40.37153 ], [ 16.8477, 40.37162 ], [ 16.84771, 40.37169 ], [ 16.84776, 40.37178 ], [ 16.84785, 40.3719 ], [ 16.84793, 40.372 ], [ 16.84803, 40.37211 ], [ 16.8481, 40.37218 ], [ 16.84819, 40.37227 ], [ 16.8483, 40.37237 ], [ 16.84842, 40.37252 ], [ 16.84861, 40.37275 ], [ 16.84875, 40.37293 ], [ 16.84889, 40.37309 ], [ 16.84899, 40.37321 ], [ 16.8491, 40.37336 ], [ 16.8492, 40.37349 ], [ 16.8493, 40.3736 ], [ 16.84939, 40.37371 ], [ 16.84949, 40.37385 ], [ 16.84958, 40.37395 ], [ 16.84969, 40.37405 ], [ 16.84983, 40.37417 ], [ 16.84996, 40.3743 ], [ 16.8501, 40.37445 ], [ 16.85025, 40.37463 ], [ 16.8504, 40.3748 ], [ 16.85055, 40.37497 ], [ 16.8507, 40.37514 ], [ 16.85079, 40.37526 ], [ 16.8509, 40.37539 ], [ 16.85097, 40.37547 ], [ 16.85107, 40.37557 ], [ 16.8512, 40.37571 ], [ 16.85137, 40.37589 ], [ 16.85147, 40.37601 ], [ 16.85155, 40.37611 ], [ 16.85161, 40.37621 ], [ 16.85171, 40.37637 ], [ 16.85182, 40.37655 ], [ 16.85202, 40.37686 ], [ 16.85214, 40.37705 ], [ 16.85227, 40.37722 ], [ 16.85241, 40.37743 ], [ 16.85254, 40.37761 ], [ 16.85255, 40.37763 ], [ 16.8526, 40.3778 ], [ 16.85266, 40.37799 ], [ 16.85275, 40.37819 ], [ 16.85278, 40.37833 ], [ 16.8528, 40.37845 ], [ 16.85284, 40.37853 ], [ 16.85289, 40.3786 ], [ 16.85296, 40.37868 ], [ 16.853, 40.37872 ], [ 16.85302, 40.37874 ], [ 16.85304, 40.37876 ], [ 16.85307, 40.37879 ], [ 16.85313, 40.37885 ], [ 16.85317, 40.37888 ], [ 16.85323, 40.37892 ], [ 16.85328, 40.37896 ], [ 16.85332, 40.37901 ], [ 16.85335, 40.37905 ], [ 16.85342, 40.37911 ], [ 16.85358, 40.37926 ], [ 16.85375, 40.37942 ], [ 16.85394, 40.3796 ], [ 16.85411, 40.37979 ], [ 16.8542, 40.3799 ], [ 16.85425, 40.37994 ], [ 16.85432, 40.38002 ], [ 16.85444, 40.38019 ], [ 16.8545, 40.38028 ], [ 16.85458, 40.38037 ], [ 16.85475, 40.38054 ], [ 16.85487, 40.38068 ], [ 16.85512, 40.38095 ], [ 16.85539, 40.38123 ], [ 16.85549, 40.38133 ], [ 16.85891, 40.38614 ], [ 16.85884, 40.38614 ], [ 16.85882, 40.38615 ], [ 16.85883, 40.38617 ], [ 16.85885, 40.38621 ], [ 16.8591, 40.38655 ], [ 16.85924, 40.38682 ], [ 16.85951, 40.38716 ], [ 16.85973, 40.38746 ], [ 16.85997, 40.38769 ], [ 16.86008, 40.38779 ], [ 16.86091, 40.38895 ], [ 16.86091, 40.38901 ], [ 16.86092, 40.38903 ], [ 16.86094, 40.38911 ], [ 16.86095, 40.38917 ], [ 16.86104, 40.38941 ], [ 16.86125, 40.38965 ], [ 16.86148, 40.38984 ], [ 16.8616, 40.39 ], [ 16.86169, 40.39019 ], [ 16.86175, 40.39034 ], [ 16.86205, 40.39081 ], [ 16.86237, 40.39124 ], [ 16.86291, 40.39196 ], [ 16.86315, 40.39224 ], [ 16.86365, 40.39287 ], [ 16.86381, 40.3931 ], [ 16.86402, 40.39336 ], [ 16.86414, 40.39355 ], [ 16.86431, 40.3938 ], [ 16.86443, 40.39396 ], [ 16.8649, 40.39456 ], [ 16.8655, 40.3954 ], [ 16.86551, 40.39544 ], [ 16.86556, 40.39557 ], [ 16.86559, 40.39562 ], [ 16.86568, 40.3957 ], [ 16.86576, 40.39577 ], [ 16.86689, 40.39735 ], [ 16.86652, 40.39808 ], [ 16.86097, 40.40008 ], [ 16.85068, 40.40124 ], [ 16.84984, 40.40162 ], [ 16.84866, 40.40301 ], [ 16.84681, 40.40571 ], [ 16.84641, 40.40646 ], [ 16.84652, 40.40724 ], [ 16.84662, 40.40779 ], [ 16.84714, 40.40855 ], [ 16.84732, 40.40938 ], [ 16.84678, 40.41029 ], [ 16.84582, 40.4111 ], [ 16.84468, 40.41165 ], [ 16.84349, 40.41212 ], [ 16.84225, 40.41254 ], [ 16.84109, 40.41282 ], [ 16.83988, 40.41284 ], [ 16.83846, 40.41245 ], [ 16.83765, 40.41215 ], [ 16.8374, 40.41142 ], [ 16.83686, 40.41053 ], [ 16.83582, 40.41043 ], [ 16.82368, 40.4195 ], [ 16.81837, 40.42451 ], [ 16.81638, 40.42925 ], [ 16.8161, 40.42982 ], [ 16.81554, 40.43033 ], [ 16.81464, 40.431 ], [ 16.81271, 40.4324 ], [ 16.81215, 40.43271 ], [ 16.81109, 40.43304 ], [ 16.81016, 40.43304 ], [ 16.80938, 40.43307 ], [ 16.80884, 40.43709 ], [ 16.80869, 40.44215 ], [ 16.80901, 40.44339 ], [ 16.80994, 40.44455 ], [ 16.80995, 40.44517 ], [ 16.80969, 40.44694 ], [ 16.80922, 40.44779 ], [ 16.8078, 40.45014 ], [ 16.80504, 40.45015 ], [ 16.7933, 40.45016 ], [ 16.79262, 40.45016 ], [ 16.79248, 40.45016 ], [ 16.78794, 40.45016 ], [ 16.78768, 40.45016 ], [ 16.78702, 40.45016 ], [ 16.78699, 40.45016 ], [ 16.78696, 40.45016 ], [ 16.78265, 40.45017 ], [ 16.77604, 40.45017 ], [ 16.77601, 40.45017 ], [ 16.77597, 40.45017 ], [ 16.77594, 40.45017 ], [ 16.7756, 40.45018 ], [ 16.77542, 40.45018 ], [ 16.77527, 40.45018 ], [ 16.76839, 40.45018 ], [ 16.76493, 40.45018 ], [ 16.7642, 40.45018 ], [ 16.76357, 40.45019 ], [ 16.7635, 40.45019 ], [ 16.75898, 40.45019 ], [ 16.74954, 40.4502 ], [ 16.74554, 40.4502 ], [ 16.74354, 40.4502 ], [ 16.74024, 40.4502 ], [ 16.73674, 40.44369 ], [ 16.73611, 40.44246 ], [ 16.73579, 40.4418 ], [ 16.73565, 40.44143 ], [ 16.73556, 40.44114 ], [ 16.7355, 40.44082 ], [ 16.73548, 40.44037 ], [ 16.73552, 40.44005 ], [ 16.73553, 40.43975 ], [ 16.73548, 40.43931 ], [ 16.73535, 40.43886 ], [ 16.73517, 40.43845 ], [ 16.73497, 40.43804 ], [ 16.73479, 40.43769 ], [ 16.73444, 40.43721 ], [ 16.72649, 40.4273 ], [ 16.72621, 40.42699 ], [ 16.72202, 40.42408 ], [ 16.72055, 40.4233 ], [ 16.71983, 40.423 ], [ 16.71863, 40.42281 ], [ 16.71501, 40.42237 ], [ 16.71486, 40.42253 ], [ 16.71458, 40.42336 ], [ 16.71446, 40.42386 ], [ 16.71442, 40.42411 ], [ 16.71447, 40.42466 ], [ 16.71457, 40.4252 ], [ 16.71472, 40.42571 ], [ 16.71484, 40.42615 ], [ 16.71489, 40.42655 ], [ 16.71485, 40.42701 ], [ 16.71457, 40.42755 ], [ 16.71229, 40.43079 ], [ 16.71126, 40.43189 ], [ 16.71102, 40.43208 ], [ 16.70401, 40.43696 ], [ 16.70348, 40.43727 ], [ 16.70322, 40.4374 ], [ 16.69649, 40.4384 ], [ 16.69533, 40.43848 ], [ 16.69504, 40.43844 ], [ 16.69466, 40.43834 ], [ 16.69426, 40.43816 ], [ 16.69214, 40.43548 ], [ 16.68906, 40.43548 ], [ 16.68319, 40.43669 ], [ 16.68246, 40.43688 ], [ 16.6821, 40.43733 ], [ 16.68211, 40.43766 ], [ 16.68246, 40.43949 ], [ 16.68283, 40.44099 ], [ 16.68287, 40.44145 ], [ 16.68277, 40.44165 ], [ 16.68263, 40.44191 ], [ 16.67606, 40.45022 ], [ 16.67461, 40.45022 ], [ 16.67455, 40.45022 ], [ 16.66446, 40.45022 ], [ 16.66327, 40.45022 ], [ 16.66085, 40.45022 ], [ 16.66077, 40.45022 ], [ 16.65937, 40.45022 ], [ 16.65934, 40.45022 ], [ 16.65685, 40.45022 ], [ 16.65654, 40.45022 ], [ 16.65605, 40.45022 ], [ 16.65291, 40.45022 ], [ 16.65284, 40.45022 ], [ 16.65175, 40.45022 ] ], [ [ 16.6631, 40.44995 ], [ 16.66327, 40.45022 ], [ 16.66325, 40.45018 ], [ 16.6631, 40.44995 ] ], [ [ 16.75113, 40.40003 ], [ 16.75112, 40.40004 ], [ 16.75112, 40.40005 ], [ 16.75113, 40.40003 ] ], [ [ 16.74063, 40.39905 ], [ 16.74061, 40.39904 ], [ 16.74062, 40.39905 ], [ 16.74063, 40.39905 ] ] ] }, { "type": "LineString", "coordinates": [ [ 16.72205, 40.39899 ], [ 16.72208, 40.39912 ] ] } ] } },
{ "type": "Feature", "properties": { "fid": 2, "name": "Rotondella", "op_id": "6600", "name_de": null, "name_sl": null, "minint_ele": "3170470220", "minint_fin": "4170470220", "name_it": null, "prov_name": "Matera", "prov_istat": "077", "prov_ist_1": 77, "prov_acr": "MT", "reg_name": "Basilicata", "reg_istat_": "17", "reg_ista_1": 17, "opdm_id": "6775", "com_catast": "H591", "com_istat_": "077023", "com_ista_1": 77023 }, "geometry": { "type": "MultiPolygon", "coordinates": [ [ [ [ 16.68539, 40.14684 ], [ 16.6856, 40.14704 ], [ 16.68528, 40.14735 ], [ 16.68316, 40.14925 ], [ 16.68245, 40.14968 ], [ 16.68224, 40.14977 ], [ 16.68089, 40.15034 ], [ 16.67973, 40.15069 ], [ 16.67908, 40.15088 ], [ 16.67871, 40.15096 ], [ 16.67802, 40.15104 ], [ 16.67615, 40.15122 ], [ 16.67578, 40.1512 ], [ 16.67535, 40.15114 ], [ 16.67442, 40.15086 ], [ 16.6741, 40.15075 ], [ 16.67255, 40.15038 ], [ 16.67207, 40.15031 ], [ 16.6716, 40.15028 ], [ 16.66894, 40.15015 ], [ 16.66781, 40.15032 ], [ 16.66706, 40.15045 ], [ 16.66668, 40.15053 ], [ 16.66634, 40.15064 ], [ 16.66513, 40.1511 ], [ 16.66472, 40.15129 ], [ 16.66443, 40.15148 ], [ 16.66395, 40.15182 ], [ 16.66365, 40.15206 ], [ 16.66331, 40.15233 ], [ 16.66252, 40.15317 ], [ 16.66164, 40.15441 ], [ 16.66108, 40.15521 ], [ 16.66056, 40.15602 ], [ 16.66027, 40.15662 ], [ 16.66013, 40.15696 ], [ 16.65987, 40.15738 ], [ 16.65882, 40.15882 ], [ 16.6574, 40.16075 ], [ 16.656, 40.16199 ], [ 16.65548, 40.16234 ], [ 16.65511, 40.16252 ], [ 16.6548, 40.16259 ], [ 16.6538, 40.16281 ], [ 16.64881, 40.1647 ], [ 16.64308, 40.16717 ], [ 16.64139, 40.16813 ], [ 16.63692, 40.17082 ], [ 16.63124, 40.17434 ], [ 16.6296, 40.17535 ], [ 16.62589, 40.1778 ], [ 16.60745, 40.19019 ], [ 16.59953, 40.19597 ], [ 16.59803, 40.19719 ], [ 16.59185, 40.20012 ], [ 16.58744, 40.2023 ], [ 16.58688, 40.20257 ], [ 16.58577, 40.20334 ], [ 16.58543, 40.20357 ], [ 16.58393, 40.20464 ], [ 16.57926, 40.20802 ], [ 16.57316, 40.21276 ], [ 16.57061, 40.21527 ], [ 16.57036, 40.2157 ], [ 16.57012, 40.21605 ], [ 16.56901, 40.21734 ], [ 16.56763, 40.21857 ], [ 16.56484, 40.22074 ], [ 16.56438, 40.22107 ], [ 16.56387, 40.22124 ], [ 16.56326, 40.22137 ], [ 16.56237, 40.2215 ], [ 16.56093, 40.22181 ], [ 16.5583, 40.22225 ], [ 16.557, 40.22239 ], [ 16.55592, 40.22248 ], [ 16.54354, 40.22292 ], [ 16.54312, 40.22291 ], [ 16.53749, 40.22255 ], [ 16.53576, 40.2224 ], [ 16.53452, 40.22215 ], [ 16.53335, 40.22184 ], [ 16.50987, 40.21445 ], [ 16.50892, 40.21407 ], [ 16.50442, 40.21203 ], [ 16.49539, 40.20785 ], [ 16.48754, 40.20369 ], [ 16.4784, 40.20006 ], [ 16.48131, 40.1859 ], [ 16.48104, 40.18559 ], [ 16.48056, 40.18484 ], [ 16.4805, 40.18442 ], [ 16.48044, 40.18357 ], [ 16.48043, 40.18318 ], [ 16.48042, 40.18159 ], [ 16.48045, 40.18132 ], [ 16.48058, 40.18069 ], [ 16.48091, 40.17989 ], [ 16.48115, 40.17973 ], [ 16.48146, 40.17957 ], [ 16.48177, 40.17941 ], [ 16.48203, 40.17921 ], [ 16.48213, 40.17904 ], [ 16.48311, 40.17653 ], [ 16.48287, 40.17121 ], [ 16.48251, 40.16957 ], [ 16.48199, 40.16755 ], [ 16.48028, 40.16473 ], [ 16.48, 40.1643 ], [ 16.47979, 40.16403 ], [ 16.47956, 40.16373 ], [ 16.47929, 40.16347 ], [ 16.47896, 40.16316 ], [ 16.47866, 40.16293 ], [ 16.47833, 40.16269 ], [ 16.47547, 40.16072 ], [ 16.47509, 40.16056 ], [ 16.47381, 40.16007 ], [ 16.47316, 40.15984 ], [ 16.47279, 40.1597 ], [ 16.47245, 40.15954 ], [ 16.47217, 40.15907 ], [ 16.47101, 40.15713 ], [ 16.4708, 40.15633 ], [ 16.47003, 40.15309 ], [ 16.46997, 40.15276 ], [ 16.46994, 40.15248 ], [ 16.46996, 40.15211 ], [ 16.47003, 40.1517 ], [ 16.47021, 40.15096 ], [ 16.47047, 40.15033 ], [ 16.47067, 40.14986 ], [ 16.47084, 40.14955 ], [ 16.47111, 40.1491 ], [ 16.47163, 40.1484 ], [ 16.47183, 40.14817 ], [ 16.47205, 40.14796 ], [ 16.47791, 40.14244 ], [ 16.4783, 40.14215 ], [ 16.47862, 40.142 ], [ 16.47898, 40.14192 ], [ 16.48109, 40.14165 ], [ 16.48184, 40.14193 ], [ 16.4824, 40.14219 ], [ 16.48315, 40.14256 ], [ 16.48459, 40.14327 ], [ 16.48687, 40.14462 ], [ 16.48864, 40.14584 ], [ 16.48945, 40.14653 ], [ 16.49124, 40.14834 ], [ 16.49232, 40.14963 ], [ 16.49263, 40.14991 ], [ 16.49301, 40.15024 ], [ 16.49363, 40.15077 ], [ 16.49521, 40.15112 ], [ 16.49926, 40.15181 ], [ 16.50788, 40.15447 ], [ 16.50872, 40.15583 ], [ 16.51078, 40.15906 ], [ 16.51102, 40.1594 ], [ 16.51152, 40.15997 ], [ 16.51222, 40.16052 ], [ 16.51266, 40.16077 ], [ 16.5151, 40.16206 ], [ 16.51647, 40.16263 ], [ 16.51694, 40.16282 ], [ 16.51713, 40.16289 ], [ 16.51736, 40.16298 ], [ 16.53223, 40.16887 ], [ 16.53331, 40.16923 ], [ 16.53461, 40.16956 ], [ 16.53887, 40.16939 ], [ 16.53931, 40.16937 ], [ 16.53937, 40.16918 ], [ 16.53936, 40.16893 ], [ 16.53941, 40.16868 ], [ 16.53962, 40.16846 ], [ 16.54004, 40.1684 ], [ 16.55139, 40.16812 ], [ 16.5518, 40.16813 ], [ 16.55761, 40.16874 ], [ 16.55861, 40.16888 ], [ 16.55913, 40.16898 ], [ 16.55957, 40.16912 ], [ 16.57043, 40.16957 ], [ 16.57388, 40.16948 ], [ 16.57609, 40.16863 ], [ 16.57799, 40.16808 ], [ 16.57964, 40.16772 ], [ 16.57989, 40.16768 ], [ 16.58128, 40.16809 ], [ 16.58382, 40.16833 ], [ 16.58419, 40.16827 ], [ 16.59305, 40.16574 ], [ 16.59619, 40.16321 ], [ 16.59651, 40.16293 ], [ 16.59691, 40.16248 ], [ 16.59721, 40.1621 ], [ 16.59868, 40.16 ], [ 16.59917, 40.15872 ], [ 16.59929, 40.15821 ], [ 16.60294, 40.15466 ], [ 16.60511, 40.15343 ], [ 16.60622, 40.153 ], [ 16.61916, 40.14836 ], [ 16.6288, 40.14804 ], [ 16.63148, 40.14826 ], [ 16.63243, 40.14848 ], [ 16.63323, 40.14871 ], [ 16.63392, 40.14896 ], [ 16.63444, 40.14915 ], [ 16.63511, 40.14953 ], [ 16.63562, 40.14991 ], [ 16.63587, 40.15022 ], [ 16.63615, 40.15072 ], [ 16.63632, 40.1516 ], [ 16.63633, 40.1521 ], [ 16.63637, 40.15236 ], [ 16.63647, 40.15271 ], [ 16.63665, 40.1529 ], [ 16.64531, 40.15174 ], [ 16.64966, 40.15084 ], [ 16.65418, 40.1496 ], [ 16.65779, 40.1486 ], [ 16.65802, 40.14848 ], [ 16.65823, 40.1482 ], [ 16.65844, 40.14794 ], [ 16.66022, 40.14295 ], [ 16.65973, 40.14031 ], [ 16.65957, 40.14003 ], [ 16.66103, 40.13563 ], [ 16.6621, 40.1332 ], [ 16.66243, 40.13287 ], [ 16.66343, 40.13205 ], [ 16.66366, 40.13197 ], [ 16.66413, 40.1323 ], [ 16.66449, 40.13255 ], [ 16.66691, 40.13413 ], [ 16.66788, 40.13471 ], [ 16.66789, 40.13472 ], [ 16.6679, 40.13473 ], [ 16.66792, 40.13475 ], [ 16.66797, 40.13477 ], [ 16.66798, 40.13478 ], [ 16.668, 40.13479 ], [ 16.66801, 40.1348 ], [ 16.66802, 40.13481 ], [ 16.66803, 40.13481 ], [ 16.66803, 40.13482 ], [ 16.66804, 40.13483 ], [ 16.66806, 40.13484 ], [ 16.66809, 40.13485 ], [ 16.66816, 40.13489 ], [ 16.66818, 40.1349 ], [ 16.66821, 40.13492 ], [ 16.66822, 40.13492 ], [ 16.66824, 40.13494 ], [ 16.66826, 40.13495 ], [ 16.66827, 40.13496 ], [ 16.66828, 40.13496 ], [ 16.6683, 40.13497 ], [ 16.66831, 40.13498 ], [ 16.66832, 40.13499 ], [ 16.66835, 40.135 ], [ 16.66838, 40.13502 ], [ 16.66845, 40.13505 ], [ 16.66848, 40.13507 ], [ 16.66849, 40.13508 ], [ 16.6685, 40.13509 ], [ 16.66851, 40.13509 ], [ 16.66852, 40.13511 ], [ 16.66854, 40.13512 ], [ 16.66856, 40.13513 ], [ 16.66857, 40.13514 ], [ 16.6686, 40.13515 ], [ 16.66861, 40.13517 ], [ 16.66865, 40.13519 ], [ 16.66868, 40.13521 ], [ 16.66872, 40.13523 ], [ 16.66877, 40.13526 ], [ 16.66888, 40.1353 ], [ 16.66889, 40.13531 ], [ 16.66893, 40.13533 ], [ 16.66908, 40.13543 ], [ 16.66911, 40.13545 ], [ 16.66915, 40.13548 ], [ 16.6692, 40.13551 ], [ 16.66922, 40.13553 ], [ 16.66924, 40.13554 ], [ 16.66927, 40.13557 ], [ 16.66941, 40.13566 ], [ 16.66944, 40.13568 ], [ 16.66946, 40.13569 ], [ 16.66952, 40.13573 ], [ 16.66954, 40.13574 ], [ 16.6696, 40.13578 ], [ 16.66968, 40.13583 ], [ 16.66972, 40.13585 ], [ 16.66977, 40.13588 ], [ 16.66985, 40.13594 ], [ 16.66987, 40.13595 ], [ 16.67007, 40.13609 ], [ 16.67011, 40.13612 ], [ 16.67022, 40.1362 ], [ 16.67037, 40.1363 ], [ 16.67058, 40.13643 ], [ 16.67074, 40.13654 ], [ 16.67082, 40.13659 ], [ 16.67093, 40.13665 ], [ 16.67104, 40.13671 ], [ 16.67109, 40.13674 ], [ 16.67129, 40.13688 ], [ 16.67134, 40.13691 ], [ 16.67149, 40.13699 ], [ 16.67157, 40.13703 ], [ 16.67158, 40.13704 ], [ 16.67158, 40.13705 ], [ 16.67157, 40.13705 ], [ 16.67156, 40.13706 ], [ 16.67156, 40.13706 ], [ 16.67156, 40.13707 ], [ 16.67156, 40.13708 ], [ 16.67157, 40.13708 ], [ 16.67157, 40.13708 ], [ 16.67159, 40.13709 ], [ 16.6716, 40.13709 ], [ 16.67161, 40.13709 ], [ 16.67162, 40.13709 ], [ 16.67164, 40.13709 ], [ 16.67165, 40.1371 ], [ 16.67167, 40.1371 ], [ 16.67169, 40.13711 ], [ 16.67181, 40.13716 ], [ 16.67183, 40.13717 ], [ 16.67185, 40.13718 ], [ 16.67188, 40.13719 ], [ 16.67189, 40.13719 ], [ 16.67191, 40.13719 ], [ 16.67192, 40.1372 ], [ 16.67193, 40.13721 ], [ 16.67194, 40.13721 ], [ 16.67197, 40.13722 ], [ 16.67198, 40.13722 ], [ 16.67201, 40.13723 ], [ 16.67202, 40.13724 ], [ 16.67203, 40.13725 ], [ 16.67204, 40.13725 ], [ 16.67205, 40.13726 ], [ 16.67205, 40.13726 ], [ 16.67208, 40.13727 ], [ 16.67211, 40.13729 ], [ 16.67215, 40.13731 ], [ 16.67217, 40.13732 ], [ 16.67217, 40.13732 ], [ 16.67218, 40.13732 ], [ 16.67218, 40.13732 ], [ 16.6722, 40.13733 ], [ 16.67228, 40.13738 ], [ 16.6723, 40.13739 ], [ 16.67233, 40.1374 ], [ 16.67235, 40.13741 ], [ 16.6724, 40.13744 ], [ 16.67245, 40.13747 ], [ 16.67246, 40.13748 ], [ 16.67248, 40.13749 ], [ 16.6725, 40.1375 ], [ 16.67252, 40.13752 ], [ 16.67254, 40.13753 ], [ 16.67256, 40.13755 ], [ 16.67259, 40.13756 ], [ 16.67261, 40.13758 ], [ 16.67264, 40.1376 ], [ 16.67267, 40.13762 ], [ 16.67275, 40.13768 ], [ 16.67278, 40.1377 ], [ 16.6728, 40.13772 ], [ 16.67282, 40.13773 ], [ 16.67287, 40.13776 ], [ 16.6729, 40.13779 ], [ 16.67295, 40.13782 ], [ 16.67299, 40.13784 ], [ 16.67302, 40.13786 ], [ 16.67303, 40.13787 ], [ 16.67305, 40.13788 ], [ 16.67307, 40.1379 ], [ 16.67309, 40.13791 ], [ 16.67314, 40.13794 ], [ 16.67315, 40.13795 ], [ 16.67316, 40.13796 ], [ 16.67318, 40.13797 ], [ 16.6732, 40.13799 ], [ 16.67322, 40.138 ], [ 16.67325, 40.13802 ], [ 16.67329, 40.13804 ], [ 16.6733, 40.13805 ], [ 16.67333, 40.13807 ], [ 16.67336, 40.13809 ], [ 16.67339, 40.13811 ], [ 16.67342, 40.13813 ], [ 16.67344, 40.13815 ], [ 16.67347, 40.13816 ], [ 16.67349, 40.13818 ], [ 16.67351, 40.13819 ], [ 16.67355, 40.13822 ], [ 16.67357, 40.13824 ], [ 16.67359, 40.13825 ], [ 16.67362, 40.13827 ], [ 16.67367, 40.1383 ], [ 16.67369, 40.13831 ], [ 16.67376, 40.13837 ], [ 16.67377, 40.13838 ], [ 16.67378, 40.13839 ], [ 16.6738, 40.1384 ], [ 16.67383, 40.13842 ], [ 16.6739, 40.13846 ], [ 16.67391, 40.13847 ], [ 16.67393, 40.13848 ], [ 16.67394, 40.13849 ], [ 16.67397, 40.13852 ], [ 16.67406, 40.13858 ], [ 16.67409, 40.1386 ], [ 16.67414, 40.13864 ], [ 16.67418, 40.13867 ], [ 16.67419, 40.13868 ], [ 16.67421, 40.13869 ], [ 16.67423, 40.1387 ], [ 16.67424, 40.13871 ], [ 16.67426, 40.13872 ], [ 16.67429, 40.13874 ], [ 16.67432, 40.13875 ], [ 16.67435, 40.13878 ], [ 16.67437, 40.13879 ], [ 16.67439, 40.1388 ], [ 16.67441, 40.13881 ], [ 16.67442, 40.13882 ], [ 16.67445, 40.13884 ], [ 16.67446, 40.13885 ], [ 16.67451, 40.13888 ], [ 16.67453, 40.1389 ], [ 16.67456, 40.13891 ], [ 16.67458, 40.13893 ], [ 16.67461, 40.13895 ], [ 16.67465, 40.13897 ], [ 16.67467, 40.13898 ], [ 16.67469, 40.13899 ], [ 16.6747, 40.139 ], [ 16.67472, 40.13901 ], [ 16.67473, 40.13902 ], [ 16.67475, 40.13902 ], [ 16.67477, 40.13904 ], [ 16.67478, 40.13905 ], [ 16.6748, 40.13906 ], [ 16.67481, 40.13907 ], [ 16.67483, 40.13907 ], [ 16.67485, 40.13908 ], [ 16.67487, 40.13909 ], [ 16.67489, 40.13911 ], [ 16.67491, 40.13912 ], [ 16.67493, 40.13913 ], [ 16.67495, 40.13914 ], [ 16.67497, 40.13915 ], [ 16.67499, 40.13916 ], [ 16.675, 40.13916 ], [ 16.67501, 40.13917 ], [ 16.67502, 40.13918 ], [ 16.67503, 40.13919 ], [ 16.67504, 40.13919 ], [ 16.67505, 40.13919 ], [ 16.67505, 40.1392 ], [ 16.67507, 40.1392 ], [ 16.67508, 40.13921 ], [ 16.67508, 40.13921 ], [ 16.6751, 40.13922 ], [ 16.67511, 40.13923 ], [ 16.67512, 40.13924 ], [ 16.67513, 40.13924 ], [ 16.67514, 40.13926 ], [ 16.67515, 40.13926 ], [ 16.67516, 40.13927 ], [ 16.67517, 40.13928 ], [ 16.67518, 40.13929 ], [ 16.6752, 40.13931 ], [ 16.67522, 40.13932 ], [ 16.67523, 40.13933 ], [ 16.67524, 40.13934 ], [ 16.67525, 40.13934 ], [ 16.67526, 40.13935 ], [ 16.67529, 40.13936 ], [ 16.6753, 40.13938 ], [ 16.67532, 40.13939 ], [ 16.67534, 40.13939 ], [ 16.67535, 40.1394 ], [ 16.67536, 40.13941 ], [ 16.67542, 40.13944 ], [ 16.67544, 40.13945 ], [ 16.67546, 40.13947 ], [ 16.67549, 40.13948 ], [ 16.6755, 40.13949 ], [ 16.67551, 40.1395 ], [ 16.67553, 40.13951 ], [ 16.67558, 40.13955 ], [ 16.6756, 40.13956 ], [ 16.67566, 40.13959 ], [ 16.67567, 40.13961 ], [ 16.67571, 40.13963 ], [ 16.67572, 40.13964 ], [ 16.67576, 40.13967 ], [ 16.67581, 40.13971 ], [ 16.67583, 40.13973 ], [ 16.67587, 40.13975 ], [ 16.67589, 40.13977 ], [ 16.67595, 40.13981 ], [ 16.67597, 40.13982 ], [ 16.676, 40.13985 ], [ 16.67605, 40.13987 ], [ 16.6761, 40.13991 ], [ 16.67613, 40.13992 ], [ 16.67614, 40.13993 ], [ 16.67619, 40.13997 ], [ 16.67621, 40.13998 ], [ 16.67627, 40.14002 ], [ 16.67628, 40.14003 ], [ 16.67631, 40.14005 ], [ 16.67635, 40.14007 ], [ 16.67641, 40.1401 ], [ 16.67646, 40.14013 ], [ 16.67653, 40.14017 ], [ 16.67654, 40.14017 ], [ 16.67656, 40.14019 ], [ 16.67658, 40.1402 ], [ 16.67659, 40.14021 ], [ 16.6766, 40.14022 ], [ 16.67661, 40.14023 ], [ 16.67662, 40.14023 ], [ 16.67663, 40.14024 ], [ 16.67663, 40.14024 ], [ 16.67665, 40.14025 ], [ 16.67666, 40.14027 ], [ 16.67666, 40.14027 ], [ 16.67667, 40.14027 ], [ 16.67667, 40.14027 ], [ 16.67668, 40.14028 ], [ 16.67669, 40.14028 ], [ 16.67669, 40.14028 ], [ 16.67671, 40.14029 ], [ 16.67674, 40.14031 ], [ 16.67676, 40.14032 ], [ 16.67678, 40.14033 ], [ 16.6768, 40.14034 ], [ 16.67682, 40.14035 ], [ 16.67685, 40.14037 ], [ 16.67686, 40.14037 ], [ 16.67688, 40.14039 ], [ 16.6769, 40.14041 ], [ 16.67694, 40.14043 ], [ 16.67697, 40.14046 ], [ 16.67699, 40.14047 ], [ 16.67701, 40.14049 ], [ 16.67703, 40.1405 ], [ 16.67705, 40.14051 ], [ 16.67707, 40.14053 ], [ 16.67709, 40.14054 ], [ 16.67712, 40.14056 ], [ 16.67716, 40.14059 ], [ 16.67722, 40.14064 ], [ 16.67724, 40.14065 ], [ 16.6773, 40.14069 ], [ 16.67734, 40.14072 ], [ 16.67737, 40.14074 ], [ 16.67738, 40.14075 ], [ 16.6774, 40.14077 ], [ 16.67742, 40.14078 ], [ 16.67743, 40.14079 ], [ 16.67744, 40.14079 ], [ 16.67745, 40.1408 ], [ 16.67747, 40.14081 ], [ 16.67748, 40.14082 ], [ 16.67748, 40.14082 ], [ 16.67749, 40.14083 ], [ 16.6775, 40.14083 ], [ 16.6775, 40.14084 ], [ 16.67751, 40.14084 ], [ 16.67752, 40.14085 ], [ 16.67753, 40.14085 ], [ 16.67754, 40.14086 ], [ 16.67754, 40.14086 ], [ 16.67755, 40.14087 ], [ 16.67756, 40.14088 ], [ 16.67757, 40.14088 ], [ 16.67758, 40.14089 ], [ 16.67759, 40.1409 ], [ 16.6776, 40.14091 ], [ 16.67762, 40.14092 ], [ 16.67763, 40.14093 ], [ 16.67764, 40.14093 ], [ 16.67765, 40.14094 ], [ 16.67766, 40.14094 ], [ 16.67767, 40.14095 ], [ 16.67768, 40.14096 ], [ 16.67769, 40.14096 ], [ 16.67771, 40.14098 ], [ 16.67773, 40.14099 ], [ 16.67775, 40.141 ], [ 16.67777, 40.14102 ], [ 16.67779, 40.14104 ], [ 16.67781, 40.14105 ], [ 16.67784, 40.14107 ], [ 16.67785, 40.14108 ], [ 16.67788, 40.14109 ], [ 16.67789, 40.14111 ], [ 16.67791, 40.14112 ], [ 16.67792, 40.14112 ], [ 16.67794, 40.14114 ], [ 16.67796, 40.14115 ], [ 16.67798, 40.14116 ], [ 16.678, 40.14118 ], [ 16.67801, 40.14119 ], [ 16.67802, 40.14119 ], [ 16.67802, 40.1412 ], [ 16.67804, 40.14121 ], [ 16.67804, 40.14121 ], [ 16.67805, 40.14121 ], [ 16.67805, 40.14122 ], [ 16.67806, 40.14122 ], [ 16.67806, 40.14122 ], [ 16.67807, 40.14123 ], [ 16.67808, 40.14123 ], [ 16.67808, 40.14124 ], [ 16.67809, 40.14125 ], [ 16.67811, 40.14125 ], [ 16.67812, 40.14127 ], [ 16.67814, 40.14128 ], [ 16.67818, 40.14131 ], [ 16.67819, 40.14132 ], [ 16.6782, 40.14132 ], [ 16.67822, 40.14134 ], [ 16.67823, 40.14134 ], [ 16.67825, 40.14136 ], [ 16.67826, 40.14136 ], [ 16.67827, 40.14137 ], [ 16.67829, 40.14139 ], [ 16.67831, 40.1414 ], [ 16.67832, 40.1414 ], [ 16.67833, 40.14141 ], [ 16.67834, 40.14142 ], [ 16.67835, 40.14143 ], [ 16.67835, 40.14143 ], [ 16.67837, 40.14144 ], [ 16.67838, 40.14144 ], [ 16.67839, 40.14145 ], [ 16.6784, 40.14147 ], [ 16.67841, 40.14148 ], [ 16.67842, 40.14149 ], [ 16.67844, 40.1415 ], [ 16.67846, 40.14151 ], [ 16.67848, 40.14152 ], [ 16.6785, 40.14153 ], [ 16.67851, 40.14154 ], [ 16.67854, 40.14156 ], [ 16.67857, 40.14158 ], [ 16.6786, 40.1416 ], [ 16.67862, 40.14161 ], [ 16.67863, 40.14162 ], [ 16.67864, 40.14163 ], [ 16.67866, 40.14164 ], [ 16.67868, 40.14165 ], [ 16.67869, 40.14166 ], [ 16.67871, 40.14168 ], [ 16.67874, 40.14169 ], [ 16.67876, 40.14171 ], [ 16.6788, 40.14174 ], [ 16.67883, 40.14176 ], [ 16.67884, 40.14177 ], [ 16.67886, 40.14178 ], [ 16.67888, 40.1418 ], [ 16.6789, 40.14182 ], [ 16.67892, 40.14183 ], [ 16.67894, 40.14184 ], [ 16.67896, 40.14185 ], [ 16.67897, 40.14186 ], [ 16.67899, 40.14187 ], [ 16.679, 40.14188 ], [ 16.67901, 40.14189 ], [ 16.67902, 40.14189 ], [ 16.67903, 40.14189 ], [ 16.67904, 40.1419 ], [ 16.67906, 40.14191 ], [ 16.67908, 40.14192 ], [ 16.67909, 40.14192 ], [ 16.6791, 40.14193 ], [ 16.67911, 40.14194 ], [ 16.67912, 40.14195 ], [ 16.67913, 40.14196 ], [ 16.67914, 40.14197 ], [ 16.67915, 40.14197 ], [ 16.67915, 40.14198 ], [ 16.67917, 40.14199 ], [ 16.67917, 40.14199 ], [ 16.67918, 40.142 ], [ 16.6792, 40.142 ], [ 16.67921, 40.14201 ], [ 16.67922, 40.14201 ], [ 16.67924, 40.14202 ], [ 16.67925, 40.14203 ], [ 16.67927, 40.14204 ], [ 16.67928, 40.14205 ], [ 16.6793, 40.14207 ], [ 16.67936, 40.1421 ], [ 16.67938, 40.14212 ], [ 16.67939, 40.14213 ], [ 16.6794, 40.14214 ], [ 16.67942, 40.14215 ], [ 16.67944, 40.14216 ], [ 16.67946, 40.14218 ], [ 16.67947, 40.14219 ], [ 16.6795, 40.14221 ], [ 16.67952, 40.14222 ], [ 16.67955, 40.14223 ], [ 16.67958, 40.14225 ], [ 16.6796, 40.14226 ], [ 16.67961, 40.14227 ], [ 16.67963, 40.14228 ], [ 16.67965, 40.14229 ], [ 16.67966, 40.1423 ], [ 16.67967, 40.14231 ], [ 16.67968, 40.14234 ], [ 16.67969, 40.14234 ], [ 16.6797, 40.14235 ], [ 16.6797, 40.14236 ], [ 16.67972, 40.14237 ], [ 16.67974, 40.14239 ], [ 16.67975, 40.1424 ], [ 16.67977, 40.14241 ], [ 16.6798, 40.14244 ], [ 16.67982, 40.14246 ], [ 16.67983, 40.14247 ], [ 16.67985, 40.14248 ], [ 16.67986, 40.14249 ], [ 16.67988, 40.1425 ], [ 16.67989, 40.14252 ], [ 16.6799, 40.14253 ], [ 16.67991, 40.14253 ], [ 16.67993, 40.14254 ], [ 16.67993, 40.14255 ], [ 16.67994, 40.14255 ], [ 16.67995, 40.14256 ], [ 16.67996, 40.14258 ], [ 16.67997, 40.1426 ], [ 16.67998, 40.1426 ], [ 16.67999, 40.14261 ], [ 16.68, 40.14262 ], [ 16.68002, 40.14263 ], [ 16.68005, 40.14266 ], [ 16.68006, 40.14267 ], [ 16.68008, 40.14268 ], [ 16.6801, 40.1427 ], [ 16.68014, 40.14273 ], [ 16.68016, 40.14275 ], [ 16.68017, 40.14276 ], [ 16.68018, 40.14278 ], [ 16.6802, 40.14279 ], [ 16.68022, 40.1428 ], [ 16.68024, 40.14282 ], [ 16.68026, 40.14284 ], [ 16.6803, 40.14286 ], [ 16.68031, 40.14288 ], [ 16.68044, 40.14298 ], [ 16.68048, 40.14301 ], [ 16.68052, 40.14304 ], [ 16.68054, 40.14306 ], [ 16.68057, 40.14308 ], [ 16.68059, 40.14309 ], [ 16.68061, 40.14311 ], [ 16.68069, 40.14316 ], [ 16.68071, 40.14318 ], [ 16.68077, 40.14321 ], [ 16.68079, 40.14323 ], [ 16.6808, 40.14324 ], [ 16.68082, 40.14325 ], [ 16.68085, 40.14327 ], [ 16.68087, 40.14328 ], [ 16.6809, 40.1433 ], [ 16.68091, 40.14331 ], [ 16.68093, 40.14333 ], [ 16.68094, 40.14334 ], [ 16.68097, 40.14337 ], [ 16.68098, 40.14338 ], [ 16.68102, 40.14342 ], [ 16.68105, 40.14343 ], [ 16.68108, 40.14344 ], [ 16.6811, 40.14346 ], [ 16.68112, 40.14348 ], [ 16.68114, 40.14349 ], [ 16.68116, 40.14351 ], [ 16.68118, 40.14352 ], [ 16.68119, 40.14353 ], [ 16.68121, 40.14354 ], [ 16.68125, 40.14357 ], [ 16.68129, 40.14359 ], [ 16.68133, 40.14362 ], [ 16.68138, 40.14365 ], [ 16.6814, 40.14366 ], [ 16.68142, 40.14368 ], [ 16.68144, 40.1437 ], [ 16.68148, 40.14372 ], [ 16.68151, 40.14375 ], [ 16.68153, 40.14377 ], [ 16.68156, 40.14379 ], [ 16.68159, 40.14382 ], [ 16.68161, 40.14384 ], [ 16.68162, 40.14385 ], [ 16.68164, 40.14387 ], [ 16.68166, 40.14389 ], [ 16.68167, 40.1439 ], [ 16.68168, 40.14391 ], [ 16.6817, 40.14392 ], [ 16.68171, 40.14392 ], [ 16.68174, 40.14394 ], [ 16.68177, 40.14396 ], [ 16.68187, 40.14402 ], [ 16.68187, 40.14402 ], [ 16.68188, 40.14403 ], [ 16.68188, 40.14404 ], [ 16.68188, 40.14405 ], [ 16.68187, 40.14407 ], [ 16.68187, 40.14407 ], [ 16.68187, 40.14408 ], [ 16.68188, 40.14408 ], [ 16.68191, 40.1441 ], [ 16.68192, 40.14411 ], [ 16.68195, 40.14412 ], [ 16.68196, 40.14413 ], [ 16.68199, 40.14414 ], [ 16.682, 40.14415 ], [ 16.68202, 40.14416 ], [ 16.68204, 40.14418 ], [ 16.68207, 40.1442 ], [ 16.68209, 40.14421 ], [ 16.68212, 40.14423 ], [ 16.68216, 40.14425 ], [ 16.68219, 40.14426 ], [ 16.68223, 40.14428 ], [ 16.68224, 40.14429 ], [ 16.68227, 40.14431 ], [ 16.68228, 40.14432 ], [ 16.68241, 40.14442 ], [ 16.68251, 40.14451 ], [ 16.68254, 40.14453 ], [ 16.68258, 40.14456 ], [ 16.68276, 40.14469 ], [ 16.68302, 40.14489 ], [ 16.68304, 40.1449 ], [ 16.68307, 40.14491 ], [ 16.6831, 40.14493 ], [ 16.68313, 40.14495 ], [ 16.68315, 40.14497 ], [ 16.68317, 40.14498 ], [ 16.6832, 40.145 ], [ 16.68322, 40.14502 ], [ 16.68324, 40.14504 ], [ 16.68325, 40.14505 ], [ 16.68326, 40.14506 ], [ 16.68328, 40.14507 ], [ 16.68329, 40.14508 ], [ 16.68331, 40.14509 ], [ 16.68334, 40.14511 ], [ 16.68336, 40.14513 ], [ 16.68338, 40.14514 ], [ 16.68341, 40.14515 ], [ 16.68342, 40.14515 ], [ 16.68343, 40.14516 ], [ 16.68345, 40.14517 ], [ 16.68346, 40.14518 ], [ 16.68347, 40.14519 ], [ 16.68349, 40.14522 ], [ 16.68369, 40.1454 ], [ 16.68371, 40.14542 ], [ 16.68371, 40.14543 ], [ 16.6837, 40.14544 ], [ 16.6837, 40.14546 ], [ 16.68371, 40.14547 ], [ 16.68372, 40.14548 ], [ 16.68373, 40.14548 ], [ 16.68377, 40.14549 ], [ 16.68379, 40.14549 ], [ 16.68381, 40.1455 ], [ 16.68383, 40.14551 ], [ 16.68385, 40.14552 ], [ 16.68387, 40.14555 ], [ 16.68389, 40.14557 ], [ 16.68391, 40.14559 ], [ 16.68394, 40.14561 ], [ 16.68396, 40.14564 ], [ 16.684, 40.14568 ], [ 16.68403, 40.1457 ], [ 16.68407, 40.14573 ], [ 16.6841, 40.14575 ], [ 16.68414, 40.14578 ], [ 16.68418, 40.14581 ], [ 16.68421, 40.14583 ], [ 16.68423, 40.14586 ], [ 16.68425, 40.14588 ], [ 16.6846, 40.14616 ], [ 16.68472, 40.14626 ], [ 16.68484, 40.14637 ], [ 16.6849, 40.14642 ], [ 16.68494, 40.14646 ], [ 16.68497, 40.14648 ], [ 16.68503, 40.14653 ], [ 16.68508, 40.14656 ], [ 16.68515, 40.14662 ], [ 16.6853, 40.14677 ], [ 16.68539, 40.14684 ] ], [ [ 16.50512, 40.19879 ], [ 16.50512, 40.19878 ], [ 16.50512, 40.19875 ], [ 16.50512, 40.19879 ] ], [ [ 16.50141, 40.19697 ], [ 16.50138, 40.19691 ], [ 16.50138, 40.19691 ], [ 16.50141, 40.19697 ] ], [ [ 16.53978, 40.19881 ], [ 16.53957, 40.19891 ], [ 16.53966, 40.19887 ], [ 16.53978, 40.19881 ] ], [ [ 16.56834, 40.19899 ], [ 16.56834, 40.19899 ], [ 16.56834, 40.19899 ], [ 16.56834, 40.19899 ] ], [ [ 16.59904, 40.16442 ], [ 16.59904, 40.16442 ], [ 16.59904, 40.16442 ], [ 16.59904, 40.16442 ] ], [ [ 16.59904, 40.16442 ], [ 16.59904, 40.16442 ], [ 16.59904, 40.16442 ], [ 16.59904, 40.16442 ] ], [ [ 16.59904, 40.16442 ], [ 16.59905, 40.16441 ], [ 16.59904, 40.16442 ], [ 16.59904, 40.16442 ] ] ] ] } },
{ "type": "Feature", "properties": { "fid": 3, "name": "Tursi", "op_id": "6607", "name_de": null, "name_sl": null, "minint_ele": "3170470280", "minint_fin": "4170470280", "name_it": null, "prov_name": "Matera", "prov_istat": "077", "prov_ist_1": 77, "prov_acr": "MT", "reg_name": "Basilicata", "reg_istat_": "17", "reg_ista_1": 17, "opdm_id": "6781", "com_catast": "L477", "com_istat_": "077029", "com_ista_1": 77029 }, "geometry": { "type": "GeometryCollection", "geometries": [ { "type": "Polygon", "coordinates": [ [ [ 16.44999, 40.22524 ], [ 16.44999, 40.22465 ], [ 16.44999, 40.22364 ], [ 16.46614, 40.21988 ], [ 16.47017, 40.21857 ], [ 16.47052, 40.21845 ], [ 16.47089, 40.2183 ], [ 16.47134, 40.21787 ], [ 16.47138, 40.21749 ], [ 16.47129, 40.21719 ], [ 16.47455, 40.21247 ], [ 16.48554, 40.20503 ], [ 16.48754, 40.20369 ], [ 16.49539, 40.20785 ], [ 16.50442, 40.21203 ], [ 16.50892, 40.21407 ], [ 16.50987, 40.21445 ], [ 16.53335, 40.22184 ], [ 16.53452, 40.22215 ], [ 16.53576, 40.2224 ], [ 16.53749, 40.22255 ], [ 16.54312, 40.22291 ], [ 16.54354, 40.22292 ], [ 16.55592, 40.22248 ], [ 16.557, 40.22239 ], [ 16.5583, 40.22225 ], [ 16.56093, 40.22181 ], [ 16.56237, 40.2215 ], [ 16.56326, 40.22137 ], [ 16.56387, 40.22124 ], [ 16.56438, 40.22107 ], [ 16.56484, 40.22074 ], [ 16.56763, 40.21857 ], [ 16.56901, 40.21734 ], [ 16.57012, 40.21605 ], [ 16.57036, 40.2157 ], [ 16.57061, 40.21527 ], [ 16.57316, 40.21276 ], [ 16.57926, 40.20802 ], [ 16.58393, 40.20464 ], [ 16.58543, 40.20357 ], [ 16.58577, 40.20334 ], [ 16.58688, 40.20257 ], [ 16.58744, 40.2023 ], [ 16.59185, 40.20012 ], [ 16.59803, 40.19719 ], [ 16.5981, 40.19752 ], [ 16.59825, 40.19787 ], [ 16.59847, 40.19826 ], [ 16.60052, 40.20167 ], [ 16.60075, 40.20206 ], [ 16.60095, 40.20237 ], [ 16.60124, 40.20281 ], [ 16.60189, 40.20368 ], [ 16.60228, 40.2042 ], [ 16.60284, 40.20491 ], [ 16.60399, 40.20627 ], [ 16.60518, 40.20739 ], [ 16.6056, 40.20773 ], [ 16.606, 40.20795 ], [ 16.6064, 40.20816 ], [ 16.60709, 40.20851 ], [ 16.6093, 40.20955 ], [ 16.60965, 40.20972 ], [ 16.61004, 40.20988 ], [ 16.61325, 40.2108 ], [ 16.61463, 40.21108 ], [ 16.62495, 40.21488 ], [ 16.6335, 40.22141 ], [ 16.63394, 40.22191 ], [ 16.63438, 40.2224 ], [ 16.63564, 40.22388 ], [ 16.63709, 40.22569 ], [ 16.63886, 40.22796 ], [ 16.63911, 40.2286 ], [ 16.63924, 40.22914 ], [ 16.63939, 40.22995 ], [ 16.6396, 40.23067 ], [ 16.63982, 40.23137 ], [ 16.64014, 40.23233 ], [ 16.6403, 40.23271 ], [ 16.64074, 40.23355 ], [ 16.64135, 40.23434 ], [ 16.64411, 40.23701 ], [ 16.64505, 40.23788 ], [ 16.64577, 40.2383 ], [ 16.64212, 40.23858 ], [ 16.6347, 40.24025 ], [ 16.62942, 40.24216 ], [ 16.62903, 40.24248 ], [ 16.62829, 40.24307 ], [ 16.62788, 40.2433 ], [ 16.6262, 40.24402 ], [ 16.62376, 40.24489 ], [ 16.62275, 40.24517 ], [ 16.62222, 40.24529 ], [ 16.62161, 40.24532 ], [ 16.62121, 40.24524 ], [ 16.62084, 40.24512 ], [ 16.61785, 40.24374 ], [ 16.61733, 40.24338 ], [ 16.61584, 40.24274 ], [ 16.6151, 40.24262 ], [ 16.61438, 40.24262 ], [ 16.61334, 40.24264 ], [ 16.61273, 40.24268 ], [ 16.61223, 40.2428 ], [ 16.612, 40.24286 ], [ 16.61125, 40.24305 ], [ 16.60996, 40.24341 ], [ 16.6065, 40.24538 ], [ 16.60512, 40.24646 ], [ 16.60461, 40.24695 ], [ 16.60424, 40.24738 ], [ 16.60382, 40.2479 ], [ 16.60359, 40.2483 ], [ 16.60348, 40.24876 ], [ 16.60344, 40.24919 ], [ 16.60352, 40.24963 ], [ 16.60337, 40.25113 ], [ 16.60333, 40.25136 ], [ 16.60323, 40.25171 ], [ 16.60301, 40.2522 ], [ 16.60269, 40.25274 ], [ 16.60213, 40.25315 ], [ 16.60132, 40.25354 ], [ 16.58881, 40.25817 ], [ 16.58717, 40.25857 ], [ 16.58529, 40.25889 ], [ 16.58426, 40.25906 ], [ 16.56668, 40.26183 ], [ 16.56412, 40.2621 ], [ 16.56334, 40.26223 ], [ 16.56234, 40.26241 ], [ 16.56142, 40.2626 ], [ 16.56077, 40.26282 ], [ 16.55449, 40.2654 ], [ 16.55364, 40.26585 ], [ 16.55302, 40.26632 ], [ 16.55244, 40.26682 ], [ 16.54556, 40.27232 ], [ 16.54298, 40.27409 ], [ 16.53628, 40.27771 ], [ 16.53036, 40.28056 ], [ 16.5291, 40.28112 ], [ 16.5199, 40.28493 ], [ 16.51864, 40.28523 ], [ 16.51042, 40.28707 ], [ 16.50908, 40.28736 ], [ 16.50412, 40.28829 ], [ 16.50226, 40.28859 ], [ 16.50118, 40.28876 ], [ 16.50004, 40.28891 ], [ 16.49678, 40.28899 ], [ 16.49537, 40.28923 ], [ 16.49221, 40.28948 ], [ 16.4913, 40.28952 ], [ 16.48357, 40.28962 ], [ 16.48146, 40.28962 ], [ 16.47669, 40.28957 ], [ 16.47414, 40.28949 ], [ 16.47363, 40.28943 ], [ 16.47323, 40.28939 ], [ 16.47258, 40.28936 ], [ 16.47187, 40.28939 ], [ 16.4714, 40.28943 ], [ 16.47104, 40.28951 ], [ 16.47048, 40.28969 ], [ 16.46891, 40.2902 ], [ 16.4681, 40.29049 ], [ 16.46773, 40.29065 ], [ 16.46739, 40.29083 ], [ 16.45036, 40.30021 ], [ 16.44999, 40.30046 ], [ 16.44999, 40.30045 ], [ 16.44999, 40.29934 ], [ 16.44999, 40.29703 ], [ 16.44999, 40.29697 ], [ 16.44999, 40.29573 ], [ 16.44999, 40.2932 ], [ 16.44999, 40.28763 ], [ 16.44999, 40.28713 ], [ 16.44999, 40.28632 ], [ 16.44999, 40.28522 ], [ 16.44999, 40.28484 ], [ 16.44999, 40.28267 ], [ 16.44999, 40.28144 ], [ 16.44999, 40.28132 ], [ 16.44999, 40.27837 ], [ 16.44999, 40.27313 ], [ 16.44999, 40.26731 ], [ 16.44999, 40.26713 ], [ 16.44999, 40.26358 ], [ 16.44999, 40.26349 ], [ 16.44999, 40.26331 ], [ 16.44999, 40.26325 ], [ 16.44999, 40.25666 ], [ 16.44999, 40.25144 ], [ 16.44999, 40.25062 ], [ 16.44999, 40.24792 ], [ 16.44999, 40.2479 ], [ 16.44999, 40.24789 ], [ 16.44999, 40.2473 ], [ 16.44999, 40.24588 ], [ 16.44999, 40.24584 ], [ 16.44999, 40.24524 ], [ 16.44999, 40.2452 ], [ 16.44999, 40.24443 ], [ 16.44999, 40.24429 ], [ 16.44999, 40.23642 ], [ 16.44999, 40.23498 ], [ 16.44999, 40.23494 ], [ 16.44999, 40.23489 ], [ 16.44999, 40.23477 ], [ 16.44999, 40.23461 ], [ 16.44999, 40.2307 ], [ 16.44999, 40.2306 ], [ 16.44999, 40.22751 ], [ 16.44999, 40.22743 ], [ 16.44999, 40.22524 ] ] ] }, { "type": "LineString", "coordinates": [ [ 16.50244, 40.24423 ], [ 16.50244, 40.24422 ] ] } ] } },
{ "type": "Feature", "properties": { "fid": 4, "name": "Montalbano Jonico", "op_id": "6593", "name_de": null, "name_sl": null, "minint_ele": "3170470160", "minint_fin": "4170470160", "name_it": null, "prov_name": "Matera", "prov_istat": "077", "prov_ist_1": 77, "prov_acr": "MT", "reg_name": "Basilicata", "reg_istat_": "17", "reg_ista_1": 17, "opdm_id": "6768", "com_catast": "F399", "com_istat_": "077016", "com_ista_1": 77016 }, "geometry": { "type": "GeometryCollection", "geometries": [ { "type": "Polygon", "coordinates": [ [ [ 16.52034, 40.35735 ], [ 16.51877, 40.35791 ], [ 16.51305, 40.35883 ], [ 16.51248, 40.35913 ], [ 16.51193, 40.3594 ], [ 16.51072, 40.35978 ], [ 16.50864, 40.35928 ], [ 16.50521, 40.35845 ], [ 16.49209, 40.35501 ], [ 16.48583, 40.35265 ], [ 16.48493, 40.35229 ], [ 16.48428, 40.35182 ], [ 16.47883, 40.34753 ], [ 16.47722, 40.34619 ], [ 16.47701, 40.34573 ], [ 16.4766, 40.34443 ], [ 16.47644, 40.34387 ], [ 16.47623, 40.34307 ], [ 16.47607, 40.34005 ], [ 16.47626, 40.3393 ], [ 16.47644, 40.33873 ], [ 16.47692, 40.33772 ], [ 16.47722, 40.33729 ], [ 16.47762, 40.33646 ], [ 16.47774, 40.336 ], [ 16.47789, 40.33484 ], [ 16.47793, 40.3345 ], [ 16.47795, 40.33425 ], [ 16.47795, 40.33401 ], [ 16.47728, 40.31926 ], [ 16.47666, 40.31624 ], [ 16.47996, 40.31312 ], [ 16.48604, 40.30452 ], [ 16.49278, 40.29461 ], [ 16.49678, 40.28899 ], [ 16.50004, 40.28891 ], [ 16.50118, 40.28876 ], [ 16.50226, 40.28859 ], [ 16.50412, 40.28829 ], [ 16.50908, 40.28736 ], [ 16.51042, 40.28707 ], [ 16.51864, 40.28523 ], [ 16.5199, 40.28493 ], [ 16.5291, 40.28112 ], [ 16.53036, 40.28056 ], [ 16.53628, 40.27771 ], [ 16.54298, 40.27409 ], [ 16.54556, 40.27232 ], [ 16.55244, 40.26682 ], [ 16.55302, 40.26632 ], [ 16.55364, 40.26585 ], [ 16.55449, 40.2654 ], [ 16.56077, 40.26282 ], [ 16.56142, 40.2626 ], [ 16.56234, 40.26241 ], [ 16.56334, 40.26223 ], [ 16.56412, 40.2621 ], [ 16.56668, 40.26183 ], [ 16.58426, 40.25906 ], [ 16.58529, 40.25889 ], [ 16.58717, 40.25857 ], [ 16.58881, 40.25817 ], [ 16.60132, 40.25354 ], [ 16.60213, 40.25315 ], [ 16.60269, 40.25274 ], [ 16.60301, 40.2522 ], [ 16.60323, 40.25171 ], [ 16.60333, 40.25136 ], [ 16.60337, 40.25113 ], [ 16.60352, 40.24963 ], [ 16.60344, 40.24919 ], [ 16.60348, 40.24876 ], [ 16.60359, 40.2483 ], [ 16.60382, 40.2479 ], [ 16.60424, 40.24738 ], [ 16.60461, 40.24695 ], [ 16.60512, 40.24646 ], [ 16.6065, 40.24538 ], [ 16.60996, 40.24341 ], [ 16.61125, 40.24305 ], [ 16.612, 40.24286 ], [ 16.61223, 40.2428 ], [ 16.61273, 40.24268 ], [ 16.61334, 40.24264 ], [ 16.61438, 40.24262 ], [ 16.6151, 40.24262 ], [ 16.61584, 40.24274 ], [ 16.61733, 40.24338 ], [ 16.61785, 40.24374 ], [ 16.61753, 40.24478 ], [ 16.61738, 40.2454 ], [ 16.61719, 40.24656 ], [ 16.61706, 40.24745 ], [ 16.61704, 40.24781 ], [ 16.61705, 40.24809 ], [ 16.6176, 40.25254 ], [ 16.61767, 40.25255 ], [ 16.61821, 40.25262 ], [ 16.61885, 40.2526 ], [ 16.62081, 40.25247 ], [ 16.62154, 40.25239 ], [ 16.62234, 40.25228 ], [ 16.63437, 40.24989 ], [ 16.63852, 40.24904 ], [ 16.63887, 40.2489 ], [ 16.6396, 40.2486 ], [ 16.64011, 40.24832 ], [ 16.64083, 40.24801 ], [ 16.64156, 40.24782 ], [ 16.64476, 40.24733 ], [ 16.64558, 40.24726 ], [ 16.64663, 40.24725 ], [ 16.64924, 40.24981 ], [ 16.65216, 40.25431 ], [ 16.65211, 40.25443 ], [ 16.64863, 40.26323 ], [ 16.64881, 40.26418 ], [ 16.64916, 40.26582 ], [ 16.6493, 40.26644 ], [ 16.65048, 40.27 ], [ 16.65126, 40.27016 ], [ 16.66244, 40.27103 ], [ 16.66276, 40.27089 ], [ 16.66367, 40.27061 ], [ 16.66475, 40.27033 ], [ 16.67005, 40.26928 ], [ 16.68892, 40.29305 ], [ 16.6755, 40.2988 ], [ 16.65992, 40.313 ], [ 16.65979, 40.31353 ], [ 16.66013, 40.31587 ], [ 16.66012, 40.31777 ], [ 16.65138, 40.32021 ], [ 16.65058, 40.32038 ], [ 16.64996, 40.32048 ], [ 16.64921, 40.32046 ], [ 16.64853, 40.32044 ], [ 16.64745, 40.32037 ], [ 16.64026, 40.32009 ], [ 16.63269, 40.31988 ], [ 16.63197, 40.31992 ], [ 16.63076, 40.32 ], [ 16.62943, 40.32019 ], [ 16.6209, 40.32319 ], [ 16.62024, 40.32349 ], [ 16.6195, 40.32385 ], [ 16.61725, 40.32501 ], [ 16.6166, 40.32544 ], [ 16.60483, 40.33349 ], [ 16.6041, 40.33401 ], [ 16.60562, 40.33697 ], [ 16.59524, 40.34345 ], [ 16.58829, 40.34623 ], [ 16.58453, 40.34536 ], [ 16.58026, 40.3449 ], [ 16.55973, 40.34845 ], [ 16.53632, 40.35404 ], [ 16.5258, 40.35598 ], [ 16.52034, 40.35735 ] ], [ [ 16.66613, 40.27009 ], [ 16.66606, 40.27013 ], [ 16.666, 40.27017 ], [ 16.66613, 40.27009 ] ] ] }, { "type": "MultiLineString", "coordinates": [ [ [ 16.66595, 40.27019 ], [ 16.666, 40.27017 ] ], [ [ 16.66595, 40.27019 ], [ 16.66586, 40.27022 ] ] ] } ] } },
{ "type": "Feature", "properties": { "fid": 5, "name": "Policoro", "op_id": "6598", "name_de": null, "name_sl": null, "minint_ele": "3170470201", "minint_fin": "4170470201", "name_it": null, "prov_name": "Matera", "prov_istat": "077", "prov_ist_1": 77, "prov_acr": "MT", "reg_name": "Basilicata", "reg_istat_": "17", "reg_ista_1": 17, "opdm_id": "6773", "com_catast": "G786", "com_istat_": "077021", "com_ista_1": 77021 }, "geometry": { "type": "GeometryCollection", "geometries": [ { "type": "MultiPolygon", "coordinates": [ [ [ [ 16.73613, 40.21022 ], [ 16.73617, 40.2103 ], [ 16.73622, 40.21042 ], [ 16.73629, 40.21052 ], [ 16.73633, 40.21061 ], [ 16.73402, 40.21059 ], [ 16.73143, 40.2101 ], [ 16.73103, 40.21003 ], [ 16.73031, 40.20984 ], [ 16.72992, 40.20971 ], [ 16.72959, 40.20949 ], [ 16.72925, 40.20925 ], [ 16.72731, 40.20776 ], [ 16.72611, 40.20651 ], [ 16.72571, 40.20613 ], [ 16.72531, 40.20583 ], [ 16.72503, 40.20577 ], [ 16.72457, 40.20573 ], [ 16.72412, 40.20576 ], [ 16.72325, 40.20584 ], [ 16.72204, 40.20607 ], [ 16.72119, 40.20628 ], [ 16.72082, 40.20649 ], [ 16.72048, 40.20671 ], [ 16.71941, 40.20764 ], [ 16.71916, 40.20787 ], [ 16.7189, 40.20811 ], [ 16.7185, 40.20857 ], [ 16.71833, 40.20878 ], [ 16.71825, 40.20914 ], [ 16.7182, 40.20943 ], [ 16.71816, 40.20974 ], [ 16.71815, 40.21014 ], [ 16.7184, 40.21046 ], [ 16.71928, 40.21119 ], [ 16.7204, 40.21206 ], [ 16.72158, 40.21292 ], [ 16.72196, 40.21327 ], [ 16.72225, 40.21356 ], [ 16.72289, 40.21437 ], [ 16.72317, 40.21477 ], [ 16.72574, 40.21857 ], [ 16.72583, 40.2189 ], [ 16.72585, 40.21909 ], [ 16.72586, 40.21956 ], [ 16.72579, 40.21987 ], [ 16.72549, 40.22016 ], [ 16.72522, 40.22028 ], [ 16.72485, 40.22041 ], [ 16.7244, 40.22056 ], [ 16.72402, 40.22066 ], [ 16.72298, 40.22093 ], [ 16.72245, 40.22104 ], [ 16.72068, 40.22109 ], [ 16.72019, 40.2211 ], [ 16.71975, 40.22111 ], [ 16.71918, 40.22111 ], [ 16.70981, 40.22206 ], [ 16.69093, 40.22552 ], [ 16.68357, 40.22942 ], [ 16.68514, 40.23124 ], [ 16.68528, 40.23169 ], [ 16.68538, 40.23213 ], [ 16.68537, 40.23237 ], [ 16.68528, 40.23297 ], [ 16.68419, 40.23505 ], [ 16.68396, 40.2354 ], [ 16.68371, 40.23572 ], [ 16.68342, 40.23596 ], [ 16.68283, 40.23628 ], [ 16.68234, 40.23641 ], [ 16.6804, 40.23683 ], [ 16.67903, 40.23704 ], [ 16.6675, 40.23868 ], [ 16.66207, 40.23999 ], [ 16.65113, 40.23942 ], [ 16.64577, 40.2383 ], [ 16.64505, 40.23788 ], [ 16.64411, 40.23701 ], [ 16.64135, 40.23434 ], [ 16.64074, 40.23355 ], [ 16.6403, 40.23271 ], [ 16.64014, 40.23233 ], [ 16.63982, 40.23137 ], [ 16.6396, 40.23067 ], [ 16.63939, 40.22995 ], [ 16.63924, 40.22914 ], [ 16.63911, 40.2286 ], [ 16.63886, 40.22796 ], [ 16.63709, 40.22569 ], [ 16.63564, 40.22388 ], [ 16.63438, 40.2224 ], [ 16.63394, 40.22191 ], [ 16.6335, 40.22141 ], [ 16.62495, 40.21488 ], [ 16.61463, 40.21108 ], [ 16.61325, 40.2108 ], [ 16.61004, 40.20988 ], [ 16.60965, 40.20972 ], [ 16.6093, 40.20955 ], [ 16.60709, 40.20851 ], [ 16.6064, 40.20816 ], [ 16.606, 40.20795 ], [ 16.6056, 40.20773 ], [ 16.60518, 40.20739 ], [ 16.60399, 40.20627 ], [ 16.60284, 40.20491 ], [ 16.60228, 40.2042 ], [ 16.60189, 40.20368 ], [ 16.60124, 40.20281 ], [ 16.60095, 40.20237 ], [ 16.60075, 40.20206 ], [ 16.60052, 40.20167 ], [ 16.59847, 40.19826 ], [ 16.59825, 40.19787 ], [ 16.5981, 40.19752 ], [ 16.59803, 40.19719 ], [ 16.59953, 40.19597 ], [ 16.60745, 40.19019 ], [ 16.62589, 40.1778 ], [ 16.6296, 40.17535 ], [ 16.63124, 40.17434 ], [ 16.63692, 40.17082 ], [ 16.64139, 40.16813 ], [ 16.64308, 40.16717 ], [ 16.64881, 40.1647 ], [ 16.6538, 40.16281 ], [ 16.6548, 40.16259 ], [ 16.65511, 40.16252 ], [ 16.65548, 40.16234 ], [ 16.656, 40.16199 ], [ 16.6574, 40.16075 ], [ 16.65882, 40.15882 ], [ 16.65987, 40.15738 ], [ 16.66013, 40.15696 ], [ 16.66027, 40.15662 ], [ 16.66056, 40.15602 ], [ 16.66108, 40.15521 ], [ 16.66164, 40.15441 ], [ 16.66252, 40.15317 ], [ 16.66331, 40.15233 ], [ 16.66365, 40.15206 ], [ 16.66395, 40.15182 ], [ 16.66443, 40.15148 ], [ 16.66472, 40.15129 ], [ 16.66513, 40.1511 ], [ 16.66634, 40.15064 ], [ 16.66668, 40.15053 ], [ 16.66706, 40.15045 ], [ 16.66781, 40.15032 ], [ 16.66894, 40.15015 ], [ 16.6716, 40.15028 ], [ 16.67207, 40.15031 ], [ 16.67255, 40.15038 ], [ 16.6741, 40.15075 ], [ 16.67442, 40.15086 ], [ 16.67535, 40.15114 ], [ 16.67578, 40.1512 ], [ 16.67615, 40.15122 ], [ 16.67802, 40.15104 ], [ 16.67871, 40.15096 ], [ 16.67908, 40.15088 ], [ 16.67973, 40.15069 ], [ 16.68089, 40.15034 ], [ 16.68224, 40.14977 ], [ 16.68245, 40.14968 ], [ 16.68316, 40.14925 ], [ 16.68528, 40.14735 ], [ 16.6856, 40.14704 ], [ 16.68561, 40.14706 ], [ 16.68562, 40.14707 ], [ 16.68563, 40.14709 ], [ 16.68565, 40.14711 ], [ 16.68568, 40.14713 ], [ 16.68572, 40.14714 ], [ 16.68574, 40.14716 ], [ 16.68576, 40.14718 ], [ 16.68592, 40.14733 ], [ 16.68603, 40.14746 ], [ 16.68609, 40.14753 ], [ 16.6861, 40.14754 ], [ 16.68612, 40.14756 ], [ 16.68614, 40.14757 ], [ 16.68631, 40.14769 ], [ 16.6864, 40.14777 ], [ 16.68642, 40.14779 ], [ 16.68643, 40.1478 ], [ 16.68645, 40.14782 ], [ 16.68647, 40.14784 ], [ 16.68649, 40.14789 ], [ 16.68651, 40.14792 ], [ 16.68652, 40.14795 ], [ 16.68656, 40.14798 ], [ 16.68659, 40.14801 ], [ 16.68662, 40.14803 ], [ 16.68664, 40.14805 ], [ 16.68666, 40.14807 ], [ 16.68685, 40.14829 ], [ 16.68695, 40.14842 ], [ 16.68704, 40.14851 ], [ 16.68709, 40.14855 ], [ 16.6872, 40.14866 ], [ 16.68724, 40.14869 ], [ 16.68728, 40.14874 ], [ 16.68741, 40.14887 ], [ 16.68756, 40.14901 ], [ 16.68784, 40.14927 ], [ 16.68804, 40.14946 ], [ 16.68828, 40.14969 ], [ 16.68835, 40.14977 ], [ 16.68847, 40.14987 ], [ 16.68851, 40.14989 ], [ 16.68853, 40.14991 ], [ 16.68858, 40.14995 ], [ 16.6886, 40.14997 ], [ 16.68862, 40.14999 ], [ 16.68874, 40.15016 ], [ 16.68879, 40.15025 ], [ 16.68885, 40.15035 ], [ 16.68892, 40.15047 ], [ 16.68899, 40.15059 ], [ 16.6891, 40.15073 ], [ 16.68927, 40.15096 ], [ 16.68946, 40.15117 ], [ 16.68969, 40.15139 ], [ 16.68978, 40.15149 ], [ 16.68985, 40.15158 ], [ 16.6899, 40.15163 ], [ 16.68993, 40.15167 ], [ 16.68996, 40.15169 ], [ 16.69011, 40.15185 ], [ 16.69029, 40.15201 ], [ 16.69038, 40.15209 ], [ 16.6904, 40.15212 ], [ 16.69043, 40.15216 ], [ 16.69045, 40.1522 ], [ 16.69046, 40.15225 ], [ 16.69045, 40.15228 ], [ 16.69044, 40.15229 ], [ 16.69044, 40.1523 ], [ 16.69044, 40.15231 ], [ 16.69044, 40.15232 ], [ 16.69053, 40.15254 ], [ 16.69053, 40.15255 ], [ 16.69055, 40.15255 ], [ 16.69057, 40.15256 ], [ 16.69058, 40.15255 ], [ 16.69059, 40.15255 ], [ 16.69053, 40.15239 ], [ 16.69052, 40.15232 ], [ 16.69051, 40.15229 ], [ 16.69051, 40.15228 ], [ 16.6905, 40.15227 ], [ 16.6905, 40.15226 ], [ 16.69051, 40.15227 ], [ 16.69052, 40.15227 ], [ 16.69054, 40.15229 ], [ 16.69057, 40.15232 ], [ 16.69057, 40.15234 ], [ 16.69058, 40.15236 ], [ 16.69058, 40.15237 ], [ 16.69058, 40.15239 ], [ 16.69058, 40.15241 ], [ 16.69059, 40.15245 ], [ 16.6906, 40.15246 ], [ 16.69061, 40.15248 ], [ 16.69061, 40.15249 ], [ 16.69062, 40.1525 ], [ 16.69062, 40.15251 ], [ 16.69063, 40.15254 ], [ 16.69064, 40.15255 ], [ 16.69065, 40.15256 ], [ 16.69066, 40.15257 ], [ 16.69073, 40.15268 ], [ 16.69085, 40.15282 ], [ 16.69099, 40.15301 ], [ 16.69122, 40.15328 ], [ 16.69126, 40.15334 ], [ 16.69129, 40.1534 ], [ 16.69129, 40.15341 ], [ 16.69131, 40.15343 ], [ 16.69133, 40.15345 ], [ 16.69136, 40.15349 ], [ 16.69138, 40.15351 ], [ 16.69141, 40.15354 ], [ 16.6919, 40.15412 ], [ 16.69232, 40.15467 ], [ 16.6926, 40.15503 ], [ 16.69288, 40.15538 ], [ 16.69317, 40.15573 ], [ 16.69356, 40.15622 ], [ 16.69384, 40.15658 ], [ 16.69406, 40.15687 ], [ 16.69412, 40.15698 ], [ 16.69448, 40.15755 ], [ 16.69487, 40.15824 ], [ 16.69497, 40.15837 ], [ 16.69514, 40.15858 ], [ 16.69529, 40.15875 ], [ 16.69542, 40.15892 ], [ 16.6956, 40.15912 ], [ 16.69577, 40.15935 ], [ 16.6959, 40.15953 ], [ 16.69603, 40.1597 ], [ 16.6962, 40.1599 ], [ 16.69632, 40.16007 ], [ 16.69642, 40.1602 ], [ 16.69652, 40.16034 ], [ 16.69661, 40.16049 ], [ 16.69668, 40.16057 ], [ 16.69669, 40.16059 ], [ 16.69671, 40.16061 ], [ 16.69673, 40.16066 ], [ 16.69681, 40.16076 ], [ 16.69687, 40.16086 ], [ 16.6969, 40.16091 ], [ 16.69692, 40.16094 ], [ 16.69695, 40.16102 ], [ 16.69698, 40.16105 ], [ 16.697, 40.16108 ], [ 16.69702, 40.16112 ], [ 16.69703, 40.16115 ], [ 16.69704, 40.16121 ], [ 16.69707, 40.16129 ], [ 16.69708, 40.16131 ], [ 16.6971, 40.16135 ], [ 16.6971, 40.16136 ], [ 16.6971, 40.16138 ], [ 16.69712, 40.16142 ], [ 16.69718, 40.16156 ], [ 16.69721, 40.16162 ], [ 16.69729, 40.16176 ], [ 16.69736, 40.16186 ], [ 16.69737, 40.16188 ], [ 16.69737, 40.1619 ], [ 16.69737, 40.16192 ], [ 16.69736, 40.16193 ], [ 16.69736, 40.16196 ], [ 16.69736, 40.16197 ], [ 16.69736, 40.16198 ], [ 16.69736, 40.162 ], [ 16.69737, 40.16202 ], [ 16.69738, 40.16203 ], [ 16.69739, 40.16204 ], [ 16.69741, 40.16207 ], [ 16.69745, 40.16211 ], [ 16.69747, 40.16213 ], [ 16.69748, 40.16215 ], [ 16.6975, 40.16218 ], [ 16.69751, 40.1622 ], [ 16.69751, 40.16222 ], [ 16.69753, 40.16225 ], [ 16.69754, 40.16227 ], [ 16.69759, 40.16233 ], [ 16.6976, 40.16235 ], [ 16.69761, 40.16236 ], [ 16.69762, 40.16237 ], [ 16.69763, 40.1624 ], [ 16.69764, 40.16241 ], [ 16.69766, 40.16244 ], [ 16.69766, 40.16246 ], [ 16.69767, 40.16248 ], [ 16.69769, 40.1625 ], [ 16.69769, 40.16251 ], [ 16.6977, 40.16252 ], [ 16.69771, 40.16253 ], [ 16.69772, 40.16255 ], [ 16.69772, 40.16257 ], [ 16.69772, 40.16258 ], [ 16.69773, 40.1626 ], [ 16.69774, 40.16261 ], [ 16.69776, 40.16263 ], [ 16.69779, 40.16265 ], [ 16.69784, 40.16267 ], [ 16.69788, 40.16269 ], [ 16.69794, 40.16272 ], [ 16.69798, 40.16274 ], [ 16.698, 40.16275 ], [ 16.69804, 40.1628 ], [ 16.69807, 40.16282 ], [ 16.69822, 40.16295 ], [ 16.69829, 40.16304 ], [ 16.69834, 40.1631 ], [ 16.69844, 40.16326 ], [ 16.69849, 40.16335 ], [ 16.69849, 40.16337 ], [ 16.69849, 40.16339 ], [ 16.69849, 40.1634 ], [ 16.69849, 40.16343 ], [ 16.69849, 40.16345 ], [ 16.6985, 40.16346 ], [ 16.69852, 40.16348 ], [ 16.69854, 40.1635 ], [ 16.69855, 40.16351 ], [ 16.69857, 40.16354 ], [ 16.69863, 40.16361 ], [ 16.69869, 40.16367 ], [ 16.69871, 40.16369 ], [ 16.69873, 40.16371 ], [ 16.69873, 40.16373 ], [ 16.69875, 40.16375 ], [ 16.69877, 40.16376 ], [ 16.69881, 40.1638 ], [ 16.69885, 40.16384 ], [ 16.69892, 40.16395 ], [ 16.69898, 40.16403 ], [ 16.69904, 40.16413 ], [ 16.69906, 40.16415 ], [ 16.69907, 40.16417 ], [ 16.69909, 40.16419 ], [ 16.6991, 40.1642 ], [ 16.69912, 40.16422 ], [ 16.69914, 40.16424 ], [ 16.69918, 40.16428 ], [ 16.69921, 40.1643 ], [ 16.69925, 40.16433 ], [ 16.69928, 40.16437 ], [ 16.69939, 40.16449 ], [ 16.69953, 40.16466 ], [ 16.69966, 40.1648 ], [ 16.69974, 40.16492 ], [ 16.69984, 40.16505 ], [ 16.69991, 40.16514 ], [ 16.69997, 40.1652 ], [ 16.70005, 40.16531 ], [ 16.70008, 40.16536 ], [ 16.7001, 40.16541 ], [ 16.70013, 40.16547 ], [ 16.70022, 40.1656 ], [ 16.70031, 40.16573 ], [ 16.70035, 40.1658 ], [ 16.70038, 40.16585 ], [ 16.7004, 40.16589 ], [ 16.70043, 40.16595 ], [ 16.70053, 40.16612 ], [ 16.70059, 40.16618 ], [ 16.7007, 40.16631 ], [ 16.70084, 40.16649 ], [ 16.70099, 40.16666 ], [ 16.70111, 40.16681 ], [ 16.70123, 40.16697 ], [ 16.70132, 40.16708 ], [ 16.70145, 40.16724 ], [ 16.70149, 40.16728 ], [ 16.70477, 40.17228 ], [ 16.70593, 40.17374 ], [ 16.70801, 40.17624 ], [ 16.70809, 40.17642 ], [ 16.70821, 40.17665 ], [ 16.70837, 40.1769 ], [ 16.7085, 40.17707 ], [ 16.7087, 40.17727 ], [ 16.70893, 40.1775 ], [ 16.709, 40.17756 ], [ 16.70904, 40.17761 ], [ 16.70905, 40.17764 ], [ 16.70917, 40.17774 ], [ 16.70937, 40.17792 ], [ 16.70945, 40.178 ], [ 16.70954, 40.17808 ], [ 16.70963, 40.17815 ], [ 16.7097, 40.17821 ], [ 16.70977, 40.17826 ], [ 16.71976, 40.1897 ], [ 16.72606, 40.1968 ], [ 16.73127, 40.20271 ], [ 16.73296, 40.20489 ], [ 16.73289, 40.20493 ], [ 16.73275, 40.20501 ], [ 16.73271, 40.20501 ], [ 16.73231, 40.20528 ], [ 16.73221, 40.20534 ], [ 16.73213, 40.20537 ], [ 16.73204, 40.2054 ], [ 16.73192, 40.20541 ], [ 16.73177, 40.20539 ], [ 16.7317, 40.20538 ], [ 16.7316, 40.20534 ], [ 16.73148, 40.20528 ], [ 16.73141, 40.20521 ], [ 16.73095, 40.2054 ], [ 16.73093, 40.20538 ], [ 16.73138, 40.20519 ], [ 16.73117, 40.20486 ], [ 16.73058, 40.20508 ], [ 16.73057, 40.20505 ], [ 16.73116, 40.20483 ], [ 16.73094, 40.20449 ], [ 16.73079, 40.20455 ], [ 16.73019, 40.20479 ], [ 16.73018, 40.20476 ], [ 16.73077, 40.20454 ], [ 16.73072, 40.20445 ], [ 16.7307, 40.20443 ], [ 16.73083, 40.20438 ], [ 16.73072, 40.20421 ], [ 16.72996, 40.2045 ], [ 16.72995, 40.20447 ], [ 16.73071, 40.20418 ], [ 16.73046, 40.20379 ], [ 16.73006, 40.20394 ], [ 16.72976, 40.20406 ], [ 16.72971, 40.20398 ], [ 16.72968, 40.20394 ], [ 16.72944, 40.20356 ], [ 16.72943, 40.20354 ], [ 16.72997, 40.20333 ], [ 16.72953, 40.20266 ], [ 16.7294, 40.20271 ], [ 16.72912, 40.20228 ], [ 16.72933, 40.2022 ], [ 16.72928, 40.2021 ], [ 16.72921, 40.20199 ], [ 16.72911, 40.20179 ], [ 16.72889, 40.20158 ], [ 16.72871, 40.20142 ], [ 16.7286, 40.20133 ], [ 16.72845, 40.20124 ], [ 16.72826, 40.20115 ], [ 16.72809, 40.2011 ], [ 16.72792, 40.20107 ], [ 16.72773, 40.20106 ], [ 16.72758, 40.20105 ], [ 16.72755, 40.20106 ], [ 16.72741, 40.20108 ], [ 16.72725, 40.20111 ], [ 16.72711, 40.20115 ], [ 16.72704, 40.20117 ], [ 16.72672, 40.20132 ], [ 16.72659, 40.20141 ], [ 16.72654, 40.20145 ], [ 16.72642, 40.20158 ], [ 16.72642, 40.20159 ], [ 16.72638, 40.20164 ], [ 16.72637, 40.20165 ], [ 16.72629, 40.20173 ], [ 16.72587, 40.20226 ], [ 16.72572, 40.20246 ], [ 16.72557, 40.20253 ], [ 16.72546, 40.20258 ], [ 16.72528, 40.20262 ], [ 16.7251, 40.20266 ], [ 16.72506, 40.20267 ], [ 16.72466, 40.20286 ], [ 16.72463, 40.2029 ], [ 16.72462, 40.2029 ], [ 16.72459, 40.20293 ], [ 16.72459, 40.20294 ], [ 16.72443, 40.20315 ], [ 16.72405, 40.20332 ], [ 16.72376, 40.20336 ], [ 16.7237, 40.20338 ], [ 16.72361, 40.20341 ], [ 16.72361, 40.20342 ], [ 16.72372, 40.20361 ], [ 16.72383, 40.20373 ], [ 16.72392, 40.20369 ], [ 16.72398, 40.20366 ], [ 16.72413, 40.20359 ], [ 16.72453, 40.20359 ], [ 16.72456, 40.20358 ], [ 16.72543, 40.20405 ], [ 16.72547, 40.20408 ], [ 16.72549, 40.20411 ], [ 16.72548, 40.20416 ], [ 16.72537, 40.20428 ], [ 16.72538, 40.20429 ], [ 16.72539, 40.20428 ], [ 16.72547, 40.20432 ], [ 16.72547, 40.20433 ], [ 16.72563, 40.20417 ], [ 16.72565, 40.20416 ], [ 16.72568, 40.20416 ], [ 16.72571, 40.20415 ], [ 16.72574, 40.20416 ], [ 16.72581, 40.20419 ], [ 16.72587, 40.20422 ], [ 16.72591, 40.20425 ], [ 16.72593, 40.20428 ], [ 16.72594, 40.2043 ], [ 16.72594, 40.20433 ], [ 16.72593, 40.20436 ], [ 16.72571, 40.20459 ], [ 16.72568, 40.2046 ], [ 16.72567, 40.20461 ], [ 16.72563, 40.20463 ], [ 16.72557, 40.20462 ], [ 16.72542, 40.20454 ], [ 16.72538, 40.20451 ], [ 16.72537, 40.20449 ], [ 16.72537, 40.20447 ], [ 16.72537, 40.20444 ], [ 16.72544, 40.20437 ], [ 16.72543, 40.20436 ], [ 16.72543, 40.20437 ], [ 16.72535, 40.20432 ], [ 16.72534, 40.20431 ], [ 16.72528, 40.20437 ], [ 16.72523, 40.20442 ], [ 16.72521, 40.20444 ], [ 16.7252, 40.20445 ], [ 16.72516, 40.20446 ], [ 16.72513, 40.20446 ], [ 16.72511, 40.20445 ], [ 16.72469, 40.20423 ], [ 16.72437, 40.20406 ], [ 16.72434, 40.20405 ], [ 16.72428, 40.20405 ], [ 16.7242, 40.20406 ], [ 16.72414, 40.20409 ], [ 16.72409, 40.20412 ], [ 16.72405, 40.20415 ], [ 16.72403, 40.2042 ], [ 16.724, 40.20426 ], [ 16.724, 40.20428 ], [ 16.724, 40.20432 ], [ 16.72402, 40.20436 ], [ 16.72404, 40.20437 ], [ 16.72406, 40.20438 ], [ 16.72422, 40.20439 ], [ 16.72426, 40.20439 ], [ 16.72429, 40.2044 ], [ 16.72433, 40.20443 ], [ 16.72436, 40.20446 ], [ 16.72439, 40.20452 ], [ 16.7244, 40.20459 ], [ 16.72439, 40.20465 ], [ 16.72439, 40.20469 ], [ 16.7242, 40.2047 ], [ 16.72399, 40.2047 ], [ 16.72399, 40.20476 ], [ 16.72399, 40.20491 ], [ 16.72399, 40.20507 ], [ 16.724, 40.20512 ], [ 16.72402, 40.20514 ], [ 16.72404, 40.20515 ], [ 16.72405, 40.20515 ], [ 16.72414, 40.20511 ], [ 16.7242, 40.20508 ], [ 16.72427, 40.20507 ], [ 16.72443, 40.20507 ], [ 16.72461, 40.20509 ], [ 16.72493, 40.20515 ], [ 16.72555, 40.20525 ], [ 16.72568, 40.20525 ], [ 16.72603, 40.20524 ], [ 16.72612, 40.20524 ], [ 16.72617, 40.20523 ], [ 16.72624, 40.2052 ], [ 16.7263, 40.20516 ], [ 16.72638, 40.20513 ], [ 16.72655, 40.20516 ], [ 16.72655, 40.20515 ], [ 16.72651, 40.20514 ], [ 16.72653, 40.20514 ], [ 16.72655, 40.20514 ], [ 16.72661, 40.20515 ], [ 16.72661, 40.20516 ], [ 16.72678, 40.20518 ], [ 16.72695, 40.20521 ], [ 16.727, 40.20519 ], [ 16.72725, 40.20512 ], [ 16.72799, 40.2051 ], [ 16.72823, 40.20505 ], [ 16.72889, 40.20459 ], [ 16.72894, 40.20463 ], [ 16.72919, 40.20445 ], [ 16.72942, 40.20465 ], [ 16.72879, 40.20507 ], [ 16.72912, 40.20536 ], [ 16.72975, 40.20493 ], [ 16.72978, 40.20496 ], [ 16.72915, 40.20538 ], [ 16.72958, 40.20576 ], [ 16.7302, 40.20533 ], [ 16.73014, 40.20527 ], [ 16.73016, 40.20525 ], [ 16.73025, 40.20534 ], [ 16.73008, 40.20545 ], [ 16.73121, 40.20643 ], [ 16.73124, 40.20645 ], [ 16.73128, 40.20649 ], [ 16.73109, 40.20661 ], [ 16.73115, 40.20666 ], [ 16.73134, 40.20654 ], [ 16.73142, 40.20661 ], [ 16.73202, 40.20619 ], [ 16.73196, 40.20614 ], [ 16.73237, 40.20586 ], [ 16.73243, 40.20591 ], [ 16.73272, 40.20571 ], [ 16.73302, 40.20552 ], [ 16.73305, 40.20548 ], [ 16.73328, 40.20531 ], [ 16.73411, 40.20637 ], [ 16.73409, 40.20656 ], [ 16.73409, 40.20672 ], [ 16.73416, 40.2068 ], [ 16.73435, 40.20707 ], [ 16.73441, 40.20743 ], [ 16.73449, 40.20768 ], [ 16.73457, 40.20788 ], [ 16.73476, 40.20806 ], [ 16.73494, 40.20825 ], [ 16.7351, 40.20837 ], [ 16.73515, 40.2084 ], [ 16.73518, 40.20842 ], [ 16.73521, 40.20843 ], [ 16.73526, 40.20843 ], [ 16.73531, 40.20841 ], [ 16.7354, 40.20836 ], [ 16.73548, 40.20832 ], [ 16.73556, 40.20829 ], [ 16.73558, 40.20828 ], [ 16.73565, 40.20837 ], [ 16.73555, 40.20842 ], [ 16.73544, 40.20846 ], [ 16.73535, 40.2085 ], [ 16.73528, 40.20853 ], [ 16.73523, 40.20857 ], [ 16.73519, 40.20864 ], [ 16.73515, 40.20866 ], [ 16.73511, 40.20866 ], [ 16.73508, 40.20868 ], [ 16.73505, 40.2087 ], [ 16.73503, 40.20874 ], [ 16.73504, 40.2088 ], [ 16.7351, 40.20892 ], [ 16.73518, 40.20903 ], [ 16.73527, 40.20915 ], [ 16.73541, 40.20929 ], [ 16.73547, 40.20934 ], [ 16.73551, 40.20938 ], [ 16.73563, 40.20949 ], [ 16.73579, 40.20963 ], [ 16.73584, 40.20973 ], [ 16.73594, 40.20987 ], [ 16.736, 40.20997 ], [ 16.73608, 40.21012 ], [ 16.73613, 40.21022 ] ] ], [ [ [ 16.72833, 40.20222 ], [ 16.72804, 40.20224 ], [ 16.72783, 40.20222 ], [ 16.72755, 40.20214 ], [ 16.7275, 40.20214 ], [ 16.72746, 40.20214 ], [ 16.72741, 40.20214 ], [ 16.72739, 40.20215 ], [ 16.72737, 40.20215 ], [ 16.72736, 40.20215 ], [ 16.72731, 40.20216 ], [ 16.7273, 40.20216 ], [ 16.72729, 40.20216 ], [ 16.72717, 40.2022 ], [ 16.72707, 40.20226 ], [ 16.72704, 40.20225 ], [ 16.727, 40.20228 ], [ 16.72688, 40.20238 ], [ 16.72678, 40.20249 ], [ 16.72666, 40.20263 ], [ 16.72645, 40.20291 ], [ 16.72643, 40.20292 ], [ 16.7264, 40.20293 ], [ 16.72637, 40.20294 ], [ 16.72635, 40.20294 ], [ 16.72632, 40.20294 ], [ 16.72599, 40.20281 ], [ 16.72592, 40.20277 ], [ 16.7259, 40.20275 ], [ 16.72589, 40.20273 ], [ 16.72589, 40.2027 ], [ 16.7259, 40.20268 ], [ 16.72626, 40.20222 ], [ 16.72662, 40.20176 ], [ 16.72663, 40.20176 ], [ 16.72667, 40.20171 ], [ 16.72667, 40.2017 ], [ 16.72686, 40.20163 ], [ 16.72686, 40.20161 ], [ 16.72691, 40.20159 ], [ 16.72691, 40.20157 ], [ 16.72691, 40.20155 ], [ 16.72691, 40.20151 ], [ 16.72694, 40.20147 ], [ 16.72696, 40.20145 ], [ 16.72699, 40.20143 ], [ 16.72704, 40.20141 ], [ 16.72711, 40.2014 ], [ 16.72716, 40.20141 ], [ 16.72725, 40.20146 ], [ 16.72733, 40.20144 ], [ 16.72734, 40.20146 ], [ 16.72752, 40.20144 ], [ 16.72772, 40.20143 ], [ 16.7279, 40.20145 ], [ 16.72804, 40.20147 ], [ 16.72807, 40.20145 ], [ 16.72809, 40.20147 ], [ 16.72813, 40.20145 ], [ 16.7282, 40.20144 ], [ 16.72827, 40.20144 ], [ 16.72834, 40.20147 ], [ 16.72838, 40.2015 ], [ 16.7284, 40.20153 ], [ 16.72842, 40.2016 ], [ 16.7284, 40.20165 ], [ 16.7284, 40.20169 ], [ 16.72859, 40.20198 ], [ 16.72863, 40.20206 ], [ 16.72866, 40.2021 ], [ 16.72866, 40.20213 ], [ 16.72864, 40.20215 ], [ 16.72861, 40.20217 ], [ 16.72854, 40.20219 ], [ 16.72833, 40.20222 ] ] ], [ [ [ 16.72699, 40.20258 ], [ 16.72723, 40.20236 ], [ 16.72731, 40.20235 ], [ 16.72733, 40.20235 ], [ 16.72739, 40.20234 ], [ 16.7274, 40.20234 ], [ 16.72757, 40.20232 ], [ 16.72769, 40.20233 ], [ 16.72809, 40.20239 ], [ 16.72846, 40.20245 ], [ 16.72858, 40.20247 ], [ 16.72863, 40.2025 ], [ 16.72868, 40.20255 ], [ 16.72885, 40.20282 ], [ 16.72851, 40.20295 ], [ 16.72843, 40.20297 ], [ 16.72837, 40.20295 ], [ 16.72831, 40.20287 ], [ 16.72825, 40.20288 ], [ 16.72756, 40.20294 ], [ 16.72756, 40.20298 ], [ 16.72754, 40.20302 ], [ 16.72709, 40.20306 ], [ 16.727, 40.20306 ], [ 16.72694, 40.20304 ], [ 16.7269, 40.20301 ], [ 16.72686, 40.20271 ], [ 16.72689, 40.20268 ], [ 16.72695, 40.20262 ], [ 16.72699, 40.20258 ] ] ], [ [ [ 16.72502, 40.20298 ], [ 16.72508, 40.20296 ], [ 16.72518, 40.20294 ], [ 16.72536, 40.20294 ], [ 16.72547, 40.20296 ], [ 16.72555, 40.20298 ], [ 16.72576, 40.20308 ], [ 16.72614, 40.20327 ], [ 16.72631, 40.20336 ], [ 16.72638, 40.20339 ], [ 16.72645, 40.2034 ], [ 16.72652, 40.2034 ], [ 16.72655, 40.2034 ], [ 16.72678, 40.20339 ], [ 16.72708, 40.20337 ], [ 16.72719, 40.20336 ], [ 16.72725, 40.20338 ], [ 16.72729, 40.2034 ], [ 16.72734, 40.20343 ], [ 16.72737, 40.20346 ], [ 16.72739, 40.2035 ], [ 16.72739, 40.20353 ], [ 16.7274, 40.20358 ], [ 16.7274, 40.20363 ], [ 16.72741, 40.20364 ], [ 16.7274, 40.20365 ], [ 16.72739, 40.20371 ], [ 16.72736, 40.20375 ], [ 16.72733, 40.20378 ], [ 16.72729, 40.20381 ], [ 16.72724, 40.20382 ], [ 16.72719, 40.20383 ], [ 16.72671, 40.20386 ], [ 16.72635, 40.20388 ], [ 16.72624, 40.20387 ], [ 16.72614, 40.20386 ], [ 16.72592, 40.20378 ], [ 16.72554, 40.20361 ], [ 16.72507, 40.20342 ], [ 16.72491, 40.20335 ], [ 16.72488, 40.20331 ], [ 16.72485, 40.20327 ], [ 16.72484, 40.20322 ], [ 16.72484, 40.20318 ], [ 16.72486, 40.20312 ], [ 16.72487, 40.20311 ], [ 16.72489, 40.20309 ], [ 16.7249, 40.20307 ], [ 16.72492, 40.20306 ], [ 16.72492, 40.20305 ], [ 16.72497, 40.203 ], [ 16.72502, 40.20298 ] ] ], [ [ [ 16.72765, 40.20362 ], [ 16.72765, 40.20357 ], [ 16.72766, 40.20357 ], [ 16.72765, 40.20349 ], [ 16.72767, 40.20343 ], [ 16.72771, 40.2034 ], [ 16.72774, 40.20338 ], [ 16.72778, 40.20338 ], [ 16.72827, 40.20329 ], [ 16.72834, 40.20329 ], [ 16.72839, 40.20329 ], [ 16.72848, 40.2033 ], [ 16.72872, 40.20336 ], [ 16.72876, 40.20338 ], [ 16.72878, 40.20341 ], [ 16.7288, 40.20344 ], [ 16.72883, 40.20355 ], [ 16.72882, 40.20358 ], [ 16.72878, 40.20363 ], [ 16.72856, 40.20387 ], [ 16.72852, 40.2039 ], [ 16.72847, 40.20394 ], [ 16.72839, 40.20395 ], [ 16.72828, 40.20394 ], [ 16.72771, 40.20379 ], [ 16.72768, 40.20377 ], [ 16.72766, 40.20374 ], [ 16.72766, 40.20365 ], [ 16.72766, 40.20362 ], [ 16.72765, 40.20362 ] ] ], [ [ [ 16.72826, 40.20425 ], [ 16.72831, 40.20428 ], [ 16.72845, 40.2044 ], [ 16.72848, 40.20443 ], [ 16.72848, 40.20448 ], [ 16.72847, 40.20451 ], [ 16.72841, 40.20455 ], [ 16.72832, 40.20462 ], [ 16.72824, 40.20466 ], [ 16.72817, 40.20467 ], [ 16.72791, 40.20468 ], [ 16.72747, 40.20469 ], [ 16.72746, 40.2047 ], [ 16.72737, 40.20473 ], [ 16.72725, 40.20477 ], [ 16.72711, 40.20484 ], [ 16.72687, 40.20495 ], [ 16.72678, 40.20499 ], [ 16.72672, 40.20499 ], [ 16.72667, 40.20498 ], [ 16.72667, 40.20499 ], [ 16.7266, 40.20497 ], [ 16.72654, 40.20495 ], [ 16.72651, 40.20494 ], [ 16.72649, 40.20493 ], [ 16.72646, 40.20487 ], [ 16.7265, 40.20473 ], [ 16.72656, 40.20462 ], [ 16.72664, 40.20455 ], [ 16.72683, 40.20441 ], [ 16.72698, 40.20432 ], [ 16.72715, 40.20425 ], [ 16.72732, 40.20422 ], [ 16.72759, 40.20421 ], [ 16.72801, 40.20422 ], [ 16.7282, 40.20423 ], [ 16.72826, 40.20425 ] ] ] ] }, { "type": "MultiLineString", "coordinates": [ [ [ 16.72722, 40.19969 ], [ 16.72732, 40.19969 ] ], [ [ 16.71569, 40.19908 ], [ 16.71559, 40.19899 ] ], [ [ 16.71559, 40.19899 ], [ 16.71552, 40.19894 ] ] ] } ] } },
{ "type": "Feature", "properties": { "fid": 6, "name": "Nova Siri", "op_id": "6595", "name_de": null, "name_sl": null, "minint_ele": "3170470180", "minint_fin": "4170470180", "name_it": null, "prov_name": "Matera", "prov_istat": "077", "prov_ist_1": 77, "prov_acr": "MT", "reg_name": "Basilicata", "reg_istat_": "17", "reg_ista_1": 17, "opdm_id": "6770", "com_catast": "A942", "com_istat_": "077018", "com_ista_1": 77018 }, "geometry": { "type": "MultiPolygon", "coordinates": [ [ [ [ 16.66307, 40.13122 ], [ 16.66324, 40.13133 ], [ 16.66366, 40.13197 ], [ 16.66343, 40.13205 ], [ 16.66243, 40.13287 ], [ 16.6621, 40.1332 ], [ 16.66103, 40.13563 ], [ 16.65957, 40.14003 ], [ 16.65973, 40.14031 ], [ 16.66022, 40.14295 ], [ 16.65844, 40.14794 ], [ 16.65823, 40.1482 ], [ 16.65802, 40.14848 ], [ 16.65779, 40.1486 ], [ 16.65418, 40.1496 ], [ 16.64966, 40.15084 ], [ 16.64531, 40.15174 ], [ 16.63665, 40.1529 ], [ 16.63647, 40.15271 ], [ 16.63637, 40.15236 ], [ 16.63633, 40.1521 ], [ 16.63632, 40.1516 ], [ 16.63615, 40.15072 ], [ 16.63587, 40.15022 ], [ 16.63562, 40.14991 ], [ 16.63511, 40.14953 ], [ 16.63444, 40.14915 ], [ 16.63392, 40.14896 ], [ 16.63323, 40.14871 ], [ 16.63243, 40.14848 ], [ 16.63148, 40.14826 ], [ 16.6288, 40.14804 ], [ 16.61916, 40.14836 ], [ 16.60622, 40.153 ], [ 16.60511, 40.15343 ], [ 16.60294, 40.15466 ], [ 16.59929, 40.15821 ], [ 16.59917, 40.15872 ], [ 16.59868, 40.16 ], [ 16.59721, 40.1621 ], [ 16.59691, 40.16248 ], [ 16.59651, 40.16293 ], [ 16.59619, 40.16321 ], [ 16.59305, 40.16574 ], [ 16.58419, 40.16827 ], [ 16.58382, 40.16833 ], [ 16.58128, 40.16809 ], [ 16.57989, 40.16768 ], [ 16.57964, 40.16772 ], [ 16.57799, 40.16808 ], [ 16.57609, 40.16863 ], [ 16.57388, 40.16948 ], [ 16.57043, 40.16957 ], [ 16.55957, 40.16912 ], [ 16.55913, 40.16898 ], [ 16.55861, 40.16888 ], [ 16.55761, 40.16874 ], [ 16.5518, 40.16813 ], [ 16.55139, 40.16812 ], [ 16.54004, 40.1684 ], [ 16.53962, 40.16846 ], [ 16.53941, 40.16868 ], [ 16.53936, 40.16893 ], [ 16.53937, 40.16918 ], [ 16.53931, 40.16937 ], [ 16.53887, 40.16939 ], [ 16.53461, 40.16956 ], [ 16.53331, 40.16923 ], [ 16.53223, 40.16887 ], [ 16.51736, 40.16298 ], [ 16.51713, 40.16289 ], [ 16.51694, 40.16282 ], [ 16.51647, 40.16263 ], [ 16.5151, 40.16206 ], [ 16.51266, 40.16077 ], [ 16.51222, 40.16052 ], [ 16.51152, 40.15997 ], [ 16.51102, 40.1594 ], [ 16.51078, 40.15906 ], [ 16.50872, 40.15583 ], [ 16.50788, 40.15447 ], [ 16.49926, 40.15181 ], [ 16.49521, 40.15112 ], [ 16.49363, 40.15077 ], [ 16.49301, 40.15024 ], [ 16.49263, 40.14991 ], [ 16.49232, 40.14963 ], [ 16.49124, 40.14834 ], [ 16.48945, 40.14653 ], [ 16.48864, 40.14584 ], [ 16.48687, 40.14462 ], [ 16.48459, 40.14327 ], [ 16.48315, 40.14256 ], [ 16.4824, 40.14219 ], [ 16.48184, 40.14193 ], [ 16.48109, 40.14165 ], [ 16.48304, 40.13788 ], [ 16.48604, 40.13411 ], [ 16.48928, 40.13411 ], [ 16.49281, 40.13363 ], [ 16.49329, 40.13355 ], [ 16.49933, 40.13202 ], [ 16.49988, 40.13188 ], [ 16.50026, 40.13167 ], [ 16.50309, 40.1299 ], [ 16.51504, 40.12873 ], [ 16.51797, 40.12878 ], [ 16.524, 40.12407 ], [ 16.52429, 40.12373 ], [ 16.52565, 40.11981 ], [ 16.53001, 40.11809 ], [ 16.53055, 40.11815 ], [ 16.53088, 40.11827 ], [ 16.53201, 40.11885 ], [ 16.53729, 40.12182 ], [ 16.53773, 40.12208 ], [ 16.53824, 40.12245 ], [ 16.5399, 40.12369 ], [ 16.54368, 40.12504 ], [ 16.55469, 40.12846 ], [ 16.56186, 40.12988 ], [ 16.56263, 40.1298 ], [ 16.56323, 40.12965 ], [ 16.56399, 40.12933 ], [ 16.56571, 40.12847 ], [ 16.56604, 40.1283 ], [ 16.56637, 40.12809 ], [ 16.56659, 40.12787 ], [ 16.56699, 40.12746 ], [ 16.5688, 40.12687 ], [ 16.57156, 40.1265 ], [ 16.57232, 40.12645 ], [ 16.57278, 40.12654 ], [ 16.57996, 40.13007 ], [ 16.58722, 40.13312 ], [ 16.59708, 40.13133 ], [ 16.59839, 40.13082 ], [ 16.60026, 40.13021 ], [ 16.60215, 40.12969 ], [ 16.60219, 40.12968 ], [ 16.6022, 40.12968 ], [ 16.60226, 40.12968 ], [ 16.60232, 40.12968 ], [ 16.60248, 40.12966 ], [ 16.60258, 40.12965 ], [ 16.60337, 40.12955 ], [ 16.60368, 40.12951 ], [ 16.60403, 40.12947 ], [ 16.60441, 40.12942 ], [ 16.60443, 40.12942 ], [ 16.60445, 40.12942 ], [ 16.60458, 40.1294 ], [ 16.60474, 40.12939 ], [ 16.60504, 40.12939 ], [ 16.60505, 40.12931 ], [ 16.60505, 40.12928 ], [ 16.6102, 40.12887 ], [ 16.61082, 40.1289 ], [ 16.61139, 40.12906 ], [ 16.61384, 40.12992 ], [ 16.61673, 40.13094 ], [ 16.62039, 40.132 ], [ 16.62095, 40.1321 ], [ 16.62162, 40.13189 ], [ 16.62686, 40.13006 ], [ 16.62777, 40.12973 ], [ 16.63936, 40.12266 ], [ 16.64355, 40.11931 ], [ 16.64387, 40.11904 ], [ 16.64526, 40.11813 ], [ 16.64788, 40.11995 ], [ 16.65022, 40.12163 ], [ 16.65031, 40.12171 ], [ 16.6505, 40.12189 ], [ 16.6507, 40.12205 ], [ 16.65082, 40.12214 ], [ 16.65095, 40.12224 ], [ 16.65114, 40.12237 ], [ 16.65131, 40.12251 ], [ 16.65147, 40.12264 ], [ 16.65164, 40.12277 ], [ 16.65182, 40.12289 ], [ 16.652, 40.12304 ], [ 16.65223, 40.12322 ], [ 16.65284, 40.12372 ], [ 16.6534, 40.12417 ], [ 16.65377, 40.12445 ], [ 16.65429, 40.12485 ], [ 16.65478, 40.12524 ], [ 16.65529, 40.12562 ], [ 16.65573, 40.12593 ], [ 16.65587, 40.12605 ], [ 16.65596, 40.12612 ], [ 16.65606, 40.1262 ], [ 16.65614, 40.12625 ], [ 16.65633, 40.12639 ], [ 16.65644, 40.12646 ], [ 16.65658, 40.12655 ], [ 16.65663, 40.12658 ], [ 16.65673, 40.12666 ], [ 16.65685, 40.12676 ], [ 16.65688, 40.12678 ], [ 16.65691, 40.1268 ], [ 16.65693, 40.12681 ], [ 16.65697, 40.12683 ], [ 16.65702, 40.12686 ], [ 16.65711, 40.1269 ], [ 16.65721, 40.12696 ], [ 16.6573, 40.12702 ], [ 16.65752, 40.12717 ], [ 16.65767, 40.12729 ], [ 16.65779, 40.12738 ], [ 16.65795, 40.1275 ], [ 16.65809, 40.1276 ], [ 16.65825, 40.1277 ], [ 16.65844, 40.12783 ], [ 16.65857, 40.12791 ], [ 16.65876, 40.12802 ], [ 16.65889, 40.12809 ], [ 16.65908, 40.12821 ], [ 16.65926, 40.12832 ], [ 16.65927, 40.12833 ], [ 16.65942, 40.12845 ], [ 16.65956, 40.12856 ], [ 16.65959, 40.12859 ], [ 16.6596, 40.1286 ], [ 16.65967, 40.12863 ], [ 16.65978, 40.1287 ], [ 16.65997, 40.12885 ], [ 16.66007, 40.12893 ], [ 16.66018, 40.12901 ], [ 16.6603, 40.12911 ], [ 16.66048, 40.12925 ], [ 16.66069, 40.12942 ], [ 16.66076, 40.12946 ], [ 16.66105, 40.12968 ], [ 16.66124, 40.12981 ], [ 16.66139, 40.12992 ], [ 16.66148, 40.12999 ], [ 16.66163, 40.1301 ], [ 16.66182, 40.13026 ], [ 16.662, 40.1304 ], [ 16.66216, 40.13052 ], [ 16.66239, 40.1307 ], [ 16.66262, 40.13089 ], [ 16.66283, 40.13104 ], [ 16.66307, 40.13122 ] ] ] ] } },
{ "type": "Feature", "properties": { "fid": 7, "name": "Scanzano Jonico", "op_id": "6604", "name_de": null, "name_sl": null, "minint_ele": "3170470251", "minint_fin": "4170470251", "name_it": null, "prov_name": "Matera", "prov_istat": "077", "prov_ist_1": 77, "prov_acr": "MT", "reg_name": "Basilicata", "reg_istat_": "17", "reg_ista_1": 17, "opdm_id": "6783", "com_catast": "M256", "com_istat_": "077031", "com_ista_1": 77031 }, "geometry": { "type": "GeometryCollection", "geometries": [ { "type": "Polygon", "coordinates": [ [ [ 16.77478, 40.28383 ], [ 16.77482, 40.28388 ], [ 16.77496, 40.28407 ], [ 16.77455, 40.28516 ], [ 16.77438, 40.28556 ], [ 16.77421, 40.28587 ], [ 16.77386, 40.2864 ], [ 16.77302, 40.28741 ], [ 16.77251, 40.28798 ], [ 16.77079, 40.28905 ], [ 16.75878, 40.2955 ], [ 16.74405, 40.2973 ], [ 16.73773, 40.29638 ], [ 16.73103, 40.29558 ], [ 16.72642, 40.29568 ], [ 16.72524, 40.29574 ], [ 16.72006, 40.29626 ], [ 16.71946, 40.29633 ], [ 16.71831, 40.29658 ], [ 16.71787, 40.29672 ], [ 16.70376, 40.30105 ], [ 16.70334, 40.30123 ], [ 16.70296, 40.30152 ], [ 16.70266, 40.30178 ], [ 16.69178, 40.30774 ], [ 16.6803, 40.31375 ], [ 16.67966, 40.31392 ], [ 16.66765, 40.31542 ], [ 16.66013, 40.31587 ], [ 16.65979, 40.31353 ], [ 16.65992, 40.313 ], [ 16.6755, 40.2988 ], [ 16.68892, 40.29305 ], [ 16.67005, 40.26928 ], [ 16.66475, 40.27033 ], [ 16.66367, 40.27061 ], [ 16.66276, 40.27089 ], [ 16.66244, 40.27103 ], [ 16.65126, 40.27016 ], [ 16.65048, 40.27 ], [ 16.6493, 40.26644 ], [ 16.64916, 40.26582 ], [ 16.64881, 40.26418 ], [ 16.64863, 40.26323 ], [ 16.65211, 40.25443 ], [ 16.65216, 40.25431 ], [ 16.64924, 40.24981 ], [ 16.64663, 40.24725 ], [ 16.64558, 40.24726 ], [ 16.64476, 40.24733 ], [ 16.64156, 40.24782 ], [ 16.64083, 40.24801 ], [ 16.64011, 40.24832 ], [ 16.6396, 40.2486 ], [ 16.63887, 40.2489 ], [ 16.63852, 40.24904 ], [ 16.63437, 40.24989 ], [ 16.62234, 40.25228 ], [ 16.62154, 40.25239 ], [ 16.62081, 40.25247 ], [ 16.61885, 40.2526 ], [ 16.61821, 40.25262 ], [ 16.61767, 40.25255 ], [ 16.6176, 40.25254 ], [ 16.61705, 40.24809 ], [ 16.61704, 40.24781 ], [ 16.61706, 40.24745 ], [ 16.61719, 40.24656 ], [ 16.61738, 40.2454 ], [ 16.61753, 40.24478 ], [ 16.61785, 40.24374 ], [ 16.62084, 40.24512 ], [ 16.62121, 40.24524 ], [ 16.62161, 40.24532 ], [ 16.62222, 40.24529 ], [ 16.62275, 40.24517 ], [ 16.62376, 40.24489 ], [ 16.6262, 40.24402 ], [ 16.62788, 40.2433 ], [ 16.62829, 40.24307 ], [ 16.62903, 40.24248 ], [ 16.62942, 40.24216 ], [ 16.6347, 40.24025 ], [ 16.64212, 40.23858 ], [ 16.64577, 40.2383 ], [ 16.65113, 40.23942 ], [ 16.66207, 40.23999 ], [ 16.6675, 40.23868 ], [ 16.67903, 40.23704 ], [ 16.6804, 40.23683 ], [ 16.68234, 40.23641 ], [ 16.68283, 40.23628 ], [ 16.68342, 40.23596 ], [ 16.68371, 40.23572 ], [ 16.68396, 40.2354 ], [ 16.68419, 40.23505 ], [ 16.68528, 40.23297 ], [ 16.68537, 40.23237 ], [ 16.68538, 40.23213 ], [ 16.68528, 40.23169 ], [ 16.68514, 40.23124 ], [ 16.68357, 40.22942 ], [ 16.69093, 40.22552 ], [ 16.70981, 40.22206 ], [ 16.71918, 40.22111 ], [ 16.71975, 40.22111 ], [ 16.72019, 40.2211 ], [ 16.72068, 40.22109 ], [ 16.72245, 40.22104 ], [ 16.72298, 40.22093 ], [ 16.72402, 40.22066 ], [ 16.7244, 40.22056 ], [ 16.72485, 40.22041 ], [ 16.72522, 40.22028 ], [ 16.72549, 40.22016 ], [ 16.72579, 40.21987 ], [ 16.72586, 40.21956 ], [ 16.72585, 40.21909 ], [ 16.72583, 40.2189 ], [ 16.72574, 40.21857 ], [ 16.72317, 40.21477 ], [ 16.72289, 40.21437 ], [ 16.72225, 40.21356 ], [ 16.72196, 40.21327 ], [ 16.72158, 40.21292 ], [ 16.7204, 40.21206 ], [ 16.71928, 40.21119 ], [ 16.7184, 40.21046 ], [ 16.71815, 40.21014 ], [ 16.71816, 40.20974 ], [ 16.7182, 40.20943 ], [ 16.71825, 40.20914 ], [ 16.71833, 40.20878 ], [ 16.7185, 40.20857 ], [ 16.7189, 40.20811 ], [ 16.71916, 40.20787 ], [ 16.71941, 40.20764 ], [ 16.72048, 40.20671 ], [ 16.72082, 40.20649 ], [ 16.72119, 40.20628 ], [ 16.72204, 40.20607 ], [ 16.72325, 40.20584 ], [ 16.72412, 40.20576 ], [ 16.72457, 40.20573 ], [ 16.72503, 40.20577 ], [ 16.72531, 40.20583 ], [ 16.72571, 40.20613 ], [ 16.72611, 40.20651 ], [ 16.72731, 40.20776 ], [ 16.72925, 40.20925 ], [ 16.72959, 40.20949 ], [ 16.72992, 40.20971 ], [ 16.73031, 40.20984 ], [ 16.73103, 40.21003 ], [ 16.73143, 40.2101 ], [ 16.73402, 40.21059 ], [ 16.73633, 40.21061 ], [ 16.73634, 40.21062 ], [ 16.73639, 40.21069 ], [ 16.73646, 40.21075 ], [ 16.7365, 40.21079 ], [ 16.73654, 40.21084 ], [ 16.73659, 40.2109 ], [ 16.73661, 40.21094 ], [ 16.73667, 40.21099 ], [ 16.73673, 40.21102 ], [ 16.7368, 40.21104 ], [ 16.73688, 40.21105 ], [ 16.73693, 40.21105 ], [ 16.73696, 40.21106 ], [ 16.737, 40.21109 ], [ 16.73701, 40.21113 ], [ 16.73702, 40.21118 ], [ 16.737, 40.21123 ], [ 16.73699, 40.21127 ], [ 16.73694, 40.2113 ], [ 16.73692, 40.21131 ], [ 16.73688, 40.21131 ], [ 16.73686, 40.21132 ], [ 16.73683, 40.21133 ], [ 16.7368, 40.21136 ], [ 16.73677, 40.21145 ], [ 16.73676, 40.21151 ], [ 16.73679, 40.21157 ], [ 16.73683, 40.21164 ], [ 16.73688, 40.21171 ], [ 16.73695, 40.21177 ], [ 16.73705, 40.21185 ], [ 16.73713, 40.21189 ], [ 16.7372, 40.21194 ], [ 16.73729, 40.21201 ], [ 16.73736, 40.21206 ], [ 16.73738, 40.21207 ], [ 16.73744, 40.21209 ], [ 16.73747, 40.21209 ], [ 16.73754, 40.21207 ], [ 16.73755, 40.21206 ], [ 16.73757, 40.21218 ], [ 16.73756, 40.21219 ], [ 16.73746, 40.21222 ], [ 16.73724, 40.21229 ], [ 16.73689, 40.21239 ], [ 16.73666, 40.21245 ], [ 16.73656, 40.21248 ], [ 16.73647, 40.21252 ], [ 16.73645, 40.21256 ], [ 16.73642, 40.21265 ], [ 16.7364, 40.21281 ], [ 16.7364, 40.21291 ], [ 16.73643, 40.21302 ], [ 16.73647, 40.21314 ], [ 16.73652, 40.21325 ], [ 16.73656, 40.21336 ], [ 16.73663, 40.21346 ], [ 16.73669, 40.21356 ], [ 16.73681, 40.21372 ], [ 16.7369, 40.21385 ], [ 16.73701, 40.21397 ], [ 16.73711, 40.2141 ], [ 16.73719, 40.21422 ], [ 16.73727, 40.21431 ], [ 16.73734, 40.21439 ], [ 16.73745, 40.2145 ], [ 16.73753, 40.21457 ], [ 16.73758, 40.21463 ], [ 16.73764, 40.21471 ], [ 16.73771, 40.21478 ], [ 16.73777, 40.21482 ], [ 16.73781, 40.21484 ], [ 16.73784, 40.21487 ], [ 16.73786, 40.21488 ], [ 16.7379, 40.21489 ], [ 16.73805, 40.21484 ], [ 16.73806, 40.21493 ], [ 16.73801, 40.21495 ], [ 16.73794, 40.21496 ], [ 16.73793, 40.21498 ], [ 16.73791, 40.21502 ], [ 16.73787, 40.21515 ], [ 16.73785, 40.21528 ], [ 16.73786, 40.21543 ], [ 16.73788, 40.21562 ], [ 16.73791, 40.2158 ], [ 16.73795, 40.21595 ], [ 16.73798, 40.21604 ], [ 16.73801, 40.21613 ], [ 16.73806, 40.21623 ], [ 16.73811, 40.21632 ], [ 16.73816, 40.2164 ], [ 16.73823, 40.21653 ], [ 16.73831, 40.21666 ], [ 16.73839, 40.21678 ], [ 16.73845, 40.21688 ], [ 16.73849, 40.21696 ], [ 16.73854, 40.21704 ], [ 16.7386, 40.21712 ], [ 16.73868, 40.21721 ], [ 16.73879, 40.2173 ], [ 16.73882, 40.21734 ], [ 16.73886, 40.21739 ], [ 16.73891, 40.21743 ], [ 16.73893, 40.21745 ], [ 16.73894, 40.21746 ], [ 16.73898, 40.21757 ], [ 16.73893, 40.21758 ], [ 16.73884, 40.21762 ], [ 16.73872, 40.21764 ], [ 16.73868, 40.21764 ], [ 16.73867, 40.21764 ], [ 16.7386, 40.21766 ], [ 16.73856, 40.21768 ], [ 16.7385, 40.21771 ], [ 16.73841, 40.21773 ], [ 16.73834, 40.21774 ], [ 16.73831, 40.21776 ], [ 16.73827, 40.21779 ], [ 16.73823, 40.21784 ], [ 16.73816, 40.21793 ], [ 16.73813, 40.21803 ], [ 16.73811, 40.21816 ], [ 16.73809, 40.21831 ], [ 16.73809, 40.2185 ], [ 16.73809, 40.21868 ], [ 16.73808, 40.2189 ], [ 16.73809, 40.21904 ], [ 16.73811, 40.21917 ], [ 16.7381, 40.2193 ], [ 16.7381, 40.21941 ], [ 16.73812, 40.2195 ], [ 16.73816, 40.21963 ], [ 16.73819, 40.21974 ], [ 16.73822, 40.21982 ], [ 16.73823, 40.2199 ], [ 16.73824, 40.22002 ], [ 16.73826, 40.22012 ], [ 16.73831, 40.22027 ], [ 16.73837, 40.22044 ], [ 16.73843, 40.22057 ], [ 16.73846, 40.22065 ], [ 16.73846, 40.22075 ], [ 16.73847, 40.2208 ], [ 16.73849, 40.22086 ], [ 16.73851, 40.2209 ], [ 16.73855, 40.22094 ], [ 16.73857, 40.22097 ], [ 16.73859, 40.221 ], [ 16.73858, 40.22102 ], [ 16.73854, 40.22106 ], [ 16.73848, 40.22108 ], [ 16.73835, 40.22113 ], [ 16.7382, 40.22118 ], [ 16.73812, 40.22121 ], [ 16.73807, 40.22122 ], [ 16.73804, 40.22122 ], [ 16.73799, 40.22123 ], [ 16.73796, 40.22126 ], [ 16.7379, 40.2213 ], [ 16.73787, 40.22132 ], [ 16.73783, 40.22133 ], [ 16.73777, 40.22132 ], [ 16.73773, 40.2213 ], [ 16.7377, 40.2213 ], [ 16.73766, 40.22131 ], [ 16.73761, 40.22133 ], [ 16.73758, 40.22135 ], [ 16.73756, 40.22139 ], [ 16.73753, 40.22149 ], [ 16.73753, 40.22159 ], [ 16.73753, 40.2217 ], [ 16.73753, 40.22173 ], [ 16.73769, 40.22199 ], [ 16.73774, 40.22201 ], [ 16.7378, 40.22203 ], [ 16.73787, 40.22209 ], [ 16.73797, 40.22216 ], [ 16.73805, 40.22219 ], [ 16.73812, 40.2222 ], [ 16.73819, 40.22219 ], [ 16.73826, 40.22216 ], [ 16.73833, 40.22214 ], [ 16.73839, 40.22213 ], [ 16.73844, 40.22214 ], [ 16.73848, 40.22214 ], [ 16.73854, 40.22211 ], [ 16.73859, 40.22212 ], [ 16.73866, 40.22214 ], [ 16.73875, 40.22219 ], [ 16.73888, 40.22225 ], [ 16.73897, 40.22231 ], [ 16.73906, 40.22237 ], [ 16.73915, 40.22244 ], [ 16.73927, 40.22255 ], [ 16.73934, 40.22262 ], [ 16.73943, 40.22269 ], [ 16.73952, 40.22276 ], [ 16.73962, 40.22283 ], [ 16.73969, 40.22288 ], [ 16.73975, 40.22292 ], [ 16.73981, 40.22297 ], [ 16.73988, 40.22303 ], [ 16.73995, 40.2231 ], [ 16.74, 40.22315 ], [ 16.74005, 40.22321 ], [ 16.74008, 40.22325 ], [ 16.7401, 40.22328 ], [ 16.74013, 40.22331 ], [ 16.74015, 40.22333 ], [ 16.74018, 40.22337 ], [ 16.7402, 40.2234 ], [ 16.74022, 40.22345 ], [ 16.74025, 40.22349 ], [ 16.74029, 40.22355 ], [ 16.74032, 40.22358 ], [ 16.74036, 40.2236 ], [ 16.74041, 40.22364 ], [ 16.74043, 40.22369 ], [ 16.74048, 40.2238 ], [ 16.74052, 40.22388 ], [ 16.74059, 40.22398 ], [ 16.74063, 40.22404 ], [ 16.74067, 40.22409 ], [ 16.74069, 40.22412 ], [ 16.74072, 40.22415 ], [ 16.74074, 40.22416 ], [ 16.74079, 40.22419 ], [ 16.74083, 40.22423 ], [ 16.74086, 40.22426 ], [ 16.74088, 40.22428 ], [ 16.74091, 40.22437 ], [ 16.74101, 40.2247 ], [ 16.74115, 40.22504 ], [ 16.74118, 40.22511 ], [ 16.74121, 40.22518 ], [ 16.74127, 40.22527 ], [ 16.74135, 40.22538 ], [ 16.74149, 40.22555 ], [ 16.74169, 40.22579 ], [ 16.74187, 40.22602 ], [ 16.74195, 40.22616 ], [ 16.74208, 40.22635 ], [ 16.74219, 40.22654 ], [ 16.74227, 40.22666 ], [ 16.74242, 40.22684 ], [ 16.74245, 40.22689 ], [ 16.74948, 40.24579 ], [ 16.75103, 40.2486 ], [ 16.7541, 40.25328 ], [ 16.75526, 40.25474 ], [ 16.75673, 40.2565 ], [ 16.75673, 40.25652 ], [ 16.75673, 40.25654 ], [ 16.75673, 40.25656 ], [ 16.75673, 40.25658 ], [ 16.75673, 40.25661 ], [ 16.75673, 40.25664 ], [ 16.75673, 40.25666 ], [ 16.75673, 40.25668 ], [ 16.75673, 40.2567 ], [ 16.75674, 40.25672 ], [ 16.75676, 40.25674 ], [ 16.75677, 40.25676 ], [ 16.75678, 40.25678 ], [ 16.7568, 40.2568 ], [ 16.75682, 40.25683 ], [ 16.75685, 40.25685 ], [ 16.75686, 40.25686 ], [ 16.75688, 40.25688 ], [ 16.7569, 40.2569 ], [ 16.75692, 40.25693 ], [ 16.75694, 40.25694 ], [ 16.75697, 40.25695 ], [ 16.75699, 40.25697 ], [ 16.757, 40.25698 ], [ 16.75702, 40.257 ], [ 16.75706, 40.257 ], [ 16.75707, 40.25702 ], [ 16.75706, 40.25703 ], [ 16.75707, 40.25705 ], [ 16.75708, 40.25707 ], [ 16.75709, 40.25709 ], [ 16.75711, 40.25711 ], [ 16.75713, 40.25713 ], [ 16.75714, 40.25716 ], [ 16.75716, 40.25718 ], [ 16.75718, 40.2572 ], [ 16.7572, 40.25723 ], [ 16.75722, 40.25725 ], [ 16.75724, 40.25727 ], [ 16.75726, 40.25729 ], [ 16.75727, 40.25731 ], [ 16.75729, 40.25733 ], [ 16.7573, 40.25735 ], [ 16.75732, 40.25736 ], [ 16.75734, 40.25738 ], [ 16.75736, 40.2574 ], [ 16.75737, 40.25742 ], [ 16.75739, 40.25744 ], [ 16.7574, 40.25745 ], [ 16.75743, 40.25747 ], [ 16.75743, 40.25749 ], [ 16.75744, 40.25751 ], [ 16.75746, 40.25752 ], [ 16.75748, 40.25754 ], [ 16.75749, 40.25756 ], [ 16.75752, 40.25758 ], [ 16.75753, 40.2576 ], [ 16.75755, 40.25762 ], [ 16.75757, 40.25764 ], [ 16.75759, 40.25767 ], [ 16.75761, 40.25768 ], [ 16.75762, 40.25771 ], [ 16.75764, 40.25773 ], [ 16.75766, 40.25774 ], [ 16.75767, 40.25776 ], [ 16.75768, 40.25778 ], [ 16.75771, 40.2578 ], [ 16.75772, 40.25783 ], [ 16.75774, 40.25785 ], [ 16.75776, 40.25786 ], [ 16.75777, 40.25788 ], [ 16.75779, 40.25791 ], [ 16.7578, 40.25792 ], [ 16.75783, 40.25796 ], [ 16.75785, 40.25799 ], [ 16.75786, 40.258 ], [ 16.75788, 40.25802 ], [ 16.75789, 40.25803 ], [ 16.75808, 40.2583 ], [ 16.75809, 40.25831 ], [ 16.7581, 40.25833 ], [ 16.75811, 40.25835 ], [ 16.75812, 40.25837 ], [ 16.75813, 40.25839 ], [ 16.75814, 40.25842 ], [ 16.75815, 40.25844 ], [ 16.75816, 40.25846 ], [ 16.75817, 40.25848 ], [ 16.75819, 40.2585 ], [ 16.7582, 40.25852 ], [ 16.75822, 40.25854 ], [ 16.75823, 40.25855 ], [ 16.75825, 40.25857 ], [ 16.75826, 40.25859 ], [ 16.75828, 40.25861 ], [ 16.75829, 40.25864 ], [ 16.7583, 40.25866 ], [ 16.75832, 40.25868 ], [ 16.75834, 40.2587 ], [ 16.75835, 40.25872 ], [ 16.75837, 40.25873 ], [ 16.75839, 40.25876 ], [ 16.7584, 40.25878 ], [ 16.75841, 40.2588 ], [ 16.75842, 40.25882 ], [ 16.75844, 40.25884 ], [ 16.75847, 40.25886 ], [ 16.75848, 40.25887 ], [ 16.75849, 40.25889 ], [ 16.75851, 40.25891 ], [ 16.75853, 40.25893 ], [ 16.75854, 40.25895 ], [ 16.75855, 40.25898 ], [ 16.75856, 40.25899 ], [ 16.75857, 40.25902 ], [ 16.75859, 40.25903 ], [ 16.75861, 40.25904 ], [ 16.76021, 40.26129 ], [ 16.76477, 40.26783 ], [ 16.76601, 40.26981 ], [ 16.76601, 40.26982 ], [ 16.76602, 40.26985 ], [ 16.76602, 40.26988 ], [ 16.76604, 40.26989 ], [ 16.76605, 40.26992 ], [ 16.76606, 40.26994 ], [ 16.76606, 40.26997 ], [ 16.76607, 40.26999 ], [ 16.76607, 40.27001 ], [ 16.76608, 40.27003 ], [ 16.76609, 40.27006 ], [ 16.76611, 40.27008 ], [ 16.76613, 40.2701 ], [ 16.76615, 40.27013 ], [ 16.76617, 40.27016 ], [ 16.76619, 40.27018 ], [ 16.7662, 40.2702 ], [ 16.76621, 40.27023 ], [ 16.76622, 40.27025 ], [ 16.76623, 40.27027 ], [ 16.76625, 40.27029 ], [ 16.76627, 40.27032 ], [ 16.76628, 40.27034 ], [ 16.76629, 40.27035 ], [ 16.76631, 40.27038 ], [ 16.76632, 40.2704 ], [ 16.76634, 40.27042 ], [ 16.76636, 40.27045 ], [ 16.76638, 40.27047 ], [ 16.7664, 40.2705 ], [ 16.76641, 40.27051 ], [ 16.76642, 40.27053 ], [ 16.76643, 40.27056 ], [ 16.76643, 40.27058 ], [ 16.76644, 40.27059 ], [ 16.76646, 40.27061 ], [ 16.76648, 40.27063 ], [ 16.76649, 40.27065 ], [ 16.76651, 40.27067 ], [ 16.76652, 40.27069 ], [ 16.76654, 40.27072 ], [ 16.76655, 40.27073 ], [ 16.76657, 40.27076 ], [ 16.76659, 40.27077 ], [ 16.76661, 40.2708 ], [ 16.76663, 40.27082 ], [ 16.76665, 40.27085 ], [ 16.76666, 40.27087 ], [ 16.76667, 40.27087 ], [ 16.76712, 40.27159 ], [ 16.76712, 40.27161 ], [ 16.76712, 40.27164 ], [ 16.76712, 40.27167 ], [ 16.76713, 40.2717 ], [ 16.76715, 40.27173 ], [ 16.76716, 40.27174 ], [ 16.76716, 40.27176 ], [ 16.76717, 40.27179 ], [ 16.76718, 40.27182 ], [ 16.7672, 40.27185 ], [ 16.76721, 40.27188 ], [ 16.76722, 40.27191 ], [ 16.76723, 40.27193 ], [ 16.76724, 40.27195 ], [ 16.76725, 40.27198 ], [ 16.76726, 40.272 ], [ 16.76728, 40.27202 ], [ 16.76729, 40.27204 ], [ 16.7673, 40.27206 ], [ 16.7673, 40.2721 ], [ 16.76732, 40.27214 ], [ 16.76734, 40.27217 ], [ 16.76735, 40.27218 ], [ 16.76737, 40.27221 ], [ 16.7674, 40.27224 ], [ 16.76742, 40.27226 ], [ 16.76745, 40.27228 ], [ 16.76748, 40.2723 ], [ 16.76751, 40.27232 ], [ 16.76752, 40.27235 ], [ 16.76753, 40.27237 ], [ 16.76754, 40.2724 ], [ 16.76755, 40.27242 ], [ 16.76756, 40.27244 ], [ 16.76756, 40.27246 ], [ 16.76757, 40.27248 ], [ 16.76758, 40.27251 ], [ 16.76759, 40.27253 ], [ 16.76761, 40.27256 ], [ 16.76764, 40.27258 ], [ 16.76766, 40.27259 ], [ 16.76769, 40.27262 ], [ 16.7677, 40.27264 ], [ 16.76771, 40.27266 ], [ 16.76774, 40.27268 ], [ 16.76776, 40.2727 ], [ 16.76779, 40.27272 ], [ 16.76782, 40.27275 ], [ 16.76783, 40.27276 ], [ 16.76784, 40.27278 ], [ 16.76786, 40.27281 ], [ 16.76789, 40.27283 ], [ 16.7679, 40.27284 ], [ 16.76862, 40.27399 ], [ 16.76908, 40.27474 ], [ 16.76908, 40.27475 ], [ 16.7691, 40.2748 ], [ 16.76913, 40.27486 ], [ 16.76919, 40.27493 ], [ 16.76924, 40.275 ], [ 16.77063, 40.27726 ], [ 16.77097, 40.27778 ], [ 16.771, 40.27788 ], [ 16.77103, 40.278 ], [ 16.77105, 40.2781 ], [ 16.77105, 40.27817 ], [ 16.77111, 40.2783 ], [ 16.77121, 40.27846 ], [ 16.77131, 40.27862 ], [ 16.7714, 40.27871 ], [ 16.77157, 40.27886 ], [ 16.77165, 40.27896 ], [ 16.77169, 40.27904 ], [ 16.77174, 40.27913 ], [ 16.77181, 40.2792 ], [ 16.77193, 40.27934 ], [ 16.77199, 40.27944 ], [ 16.77205, 40.27953 ], [ 16.77214, 40.27965 ], [ 16.77229, 40.27987 ], [ 16.77236, 40.27996 ], [ 16.77251, 40.28018 ], [ 16.77258, 40.28033 ], [ 16.77265, 40.28041 ], [ 16.77271, 40.28047 ], [ 16.77273, 40.28049 ], [ 16.77324, 40.28127 ], [ 16.77344, 40.28152 ], [ 16.77346, 40.28163 ], [ 16.77348, 40.28172 ], [ 16.77348, 40.28183 ], [ 16.7735, 40.28189 ], [ 16.7736, 40.28203 ], [ 16.77366, 40.28209 ], [ 16.77368, 40.28217 ], [ 16.77369, 40.28224 ], [ 16.77373, 40.28235 ], [ 16.77375, 40.2824 ], [ 16.77378, 40.28245 ], [ 16.77394, 40.28263 ], [ 16.77401, 40.28271 ], [ 16.77408, 40.28282 ], [ 16.77417, 40.28299 ], [ 16.77428, 40.28312 ], [ 16.77446, 40.28335 ], [ 16.77458, 40.2835 ], [ 16.77462, 40.28356 ], [ 16.77469, 40.28368 ], [ 16.77473, 40.28375 ], [ 16.77478, 40.28383 ] ] ] }, { "type": "LineString", "coordinates": [ [ 16.66581, 40.23943 ], [ 16.66595, 40.23936 ] ] } ] } },
{ "type": "Feature", "properties": { "fid": 8, "name": "Pisticci", "op_id": "6597", "name_de": null, "name_sl": null, "minint_ele": "3170470200", "minint_fin": "4170470200", "name_it": null, "prov_name": "Matera", "prov_istat": "077", "prov_ist_1": 77, "prov_acr": "MT", "reg_name": "Basilicata", "reg_istat_": "17", "reg_ista_1": 17, "opdm_id": "6772", "com_catast": "G712", "com_istat_": "077020", "com_ista_1": 77020 }, "geometry": { "type": "GeometryCollection", "geometries": [ { "type": "Polygon", "coordinates": [ [ [ 16.82179, 40.34172 ], [ 16.82198, 40.3419 ], [ 16.82215, 40.34205 ], [ 16.81168, 40.34415 ], [ 16.80926, 40.34424 ], [ 16.80882, 40.34472 ], [ 16.8087, 40.34514 ], [ 16.80861, 40.34544 ], [ 16.80865, 40.34612 ], [ 16.80869, 40.34684 ], [ 16.80882, 40.3475 ], [ 16.80901, 40.34807 ], [ 16.80934, 40.3486 ], [ 16.81064, 40.35006 ], [ 16.81105, 40.35045 ], [ 16.81156, 40.35096 ], [ 16.81177, 40.35132 ], [ 16.8118, 40.35174 ], [ 16.81166, 40.35216 ], [ 16.81141, 40.35268 ], [ 16.80202, 40.36087 ], [ 16.80172, 40.36108 ], [ 16.80129, 40.36129 ], [ 16.80053, 40.36163 ], [ 16.79464, 40.36351 ], [ 16.79386, 40.36354 ], [ 16.79317, 40.36352 ], [ 16.79252, 40.36345 ], [ 16.79222, 40.36342 ], [ 16.78179, 40.36625 ], [ 16.7771, 40.37413 ], [ 16.77243, 40.38151 ], [ 16.77197, 40.38171 ], [ 16.76725, 40.38316 ], [ 16.76477, 40.38374 ], [ 16.76443, 40.38374 ], [ 16.76382, 40.38371 ], [ 16.76321, 40.38352 ], [ 16.76263, 40.38327 ], [ 16.74351, 40.38672 ], [ 16.73035, 40.38929 ], [ 16.72418, 40.3907 ], [ 16.72367, 40.39078 ], [ 16.72258, 40.39086 ], [ 16.72249, 40.39086 ], [ 16.72184, 40.39088 ], [ 16.72132, 40.39068 ], [ 16.72109, 40.39043 ], [ 16.72091, 40.39007 ], [ 16.72074, 40.38966 ], [ 16.71977, 40.38688 ], [ 16.71975, 40.38657 ], [ 16.71984, 40.38619 ], [ 16.72007, 40.38586 ], [ 16.72041, 40.38551 ], [ 16.72188, 40.38439 ], [ 16.72244, 40.38398 ], [ 16.72302, 40.38366 ], [ 16.72359, 40.38336 ], [ 16.72414, 40.38313 ], [ 16.72465, 40.38294 ], [ 16.72532, 40.38283 ], [ 16.72583, 40.38281 ], [ 16.72652, 40.38285 ], [ 16.72703, 40.38276 ], [ 16.72727, 40.38246 ], [ 16.72719, 40.38213 ], [ 16.72676, 40.3817 ], [ 16.72623, 40.38144 ], [ 16.72515, 40.3811 ], [ 16.72027, 40.37979 ], [ 16.71964, 40.37974 ], [ 16.71889, 40.37972 ], [ 16.71656, 40.37972 ], [ 16.71596, 40.37974 ], [ 16.71558, 40.37987 ], [ 16.71471, 40.38019 ], [ 16.71482, 40.38099 ], [ 16.71498, 40.38195 ], [ 16.71519, 40.38288 ], [ 16.71536, 40.38341 ], [ 16.71555, 40.38401 ], [ 16.7158, 40.38501 ], [ 16.71592, 40.38562 ], [ 16.71597, 40.38614 ], [ 16.716, 40.38666 ], [ 16.71599, 40.38711 ], [ 16.71592, 40.38798 ], [ 16.71581, 40.38818 ], [ 16.71554, 40.38819 ], [ 16.71513, 40.38818 ], [ 16.71423, 40.38798 ], [ 16.70402, 40.3848 ], [ 16.70384, 40.38456 ], [ 16.70362, 40.38433 ], [ 16.70333, 40.38405 ], [ 16.7021, 40.3832 ], [ 16.70129, 40.3829 ], [ 16.70079, 40.38273 ], [ 16.70021, 40.38256 ], [ 16.69966, 40.38242 ], [ 16.6974, 40.38229 ], [ 16.69644, 40.3823 ], [ 16.69578, 40.38247 ], [ 16.69533, 40.38268 ], [ 16.68879, 40.38654 ], [ 16.68222, 40.38564 ], [ 16.68198, 40.38537 ], [ 16.68153, 40.38525 ], [ 16.68031, 40.38494 ], [ 16.66815, 40.38806 ], [ 16.66742, 40.38831 ], [ 16.66664, 40.38862 ], [ 16.66612, 40.3889 ], [ 16.66555, 40.38924 ], [ 16.66509, 40.38955 ], [ 16.66346, 40.39077 ], [ 16.66312, 40.3913 ], [ 16.66323, 40.39173 ], [ 16.66487, 40.39332 ], [ 16.66526, 40.39365 ], [ 16.66604, 40.39395 ], [ 16.66688, 40.39402 ], [ 16.66719, 40.394 ], [ 16.66754, 40.39386 ], [ 16.66788, 40.39368 ], [ 16.66804, 40.39322 ], [ 16.66805, 40.39281 ], [ 16.66816, 40.3924 ], [ 16.66833, 40.39207 ], [ 16.66877, 40.39188 ], [ 16.66933, 40.39182 ], [ 16.66993, 40.39185 ], [ 16.67034, 40.39206 ], [ 16.67092, 40.39262 ], [ 16.67116, 40.39322 ], [ 16.67121, 40.39389 ], [ 16.67124, 40.3954 ], [ 16.67116, 40.39784 ], [ 16.67082, 40.39832 ], [ 16.67055, 40.39861 ], [ 16.67011, 40.39888 ], [ 16.66963, 40.39904 ], [ 16.66847, 40.39901 ], [ 16.66791, 40.39894 ], [ 16.66728, 40.39876 ], [ 16.6667, 40.39853 ], [ 16.66616, 40.3983 ], [ 16.66561, 40.398 ], [ 16.66519, 40.39773 ], [ 16.66474, 40.39742 ], [ 16.65472, 40.40027 ], [ 16.65256, 40.40473 ], [ 16.65137, 40.40592 ], [ 16.65077, 40.40648 ], [ 16.65008, 40.40699 ], [ 16.64918, 40.40739 ], [ 16.64847, 40.40738 ], [ 16.64778, 40.40708 ], [ 16.64748, 40.40663 ], [ 16.64732, 40.40603 ], [ 16.64731, 40.40577 ], [ 16.64731, 40.40548 ], [ 16.64759, 40.40504 ], [ 16.64818, 40.40464 ], [ 16.64884, 40.40427 ], [ 16.64877, 40.40384 ], [ 16.64839, 40.40321 ], [ 16.646, 40.40013 ], [ 16.64525, 40.39952 ], [ 16.64467, 40.39923 ], [ 16.64401, 40.3991 ], [ 16.64306, 40.39919 ], [ 16.64247, 40.39927 ], [ 16.6419, 40.39951 ], [ 16.64167, 40.40014 ], [ 16.64128, 40.40181 ], [ 16.6415, 40.40297 ], [ 16.64233, 40.40486 ], [ 16.64249, 40.40555 ], [ 16.64236, 40.40617 ], [ 16.64181, 40.40666 ], [ 16.641, 40.40665 ], [ 16.63137, 40.40466 ], [ 16.63111, 40.40417 ], [ 16.63098, 40.40386 ], [ 16.63113, 40.40301 ], [ 16.62475, 40.40235 ], [ 16.61602, 40.4096 ], [ 16.61134, 40.41562 ], [ 16.60587, 40.42133 ], [ 16.60533, 40.42169 ], [ 16.60478, 40.42189 ], [ 16.60435, 40.42181 ], [ 16.60305, 40.42143 ], [ 16.60311, 40.42119 ], [ 16.60309, 40.42082 ], [ 16.60306, 40.42053 ], [ 16.60293, 40.41948 ], [ 16.60289, 40.41914 ], [ 16.60284, 40.41887 ], [ 16.60268, 40.41855 ], [ 16.60203, 40.41738 ], [ 16.60143, 40.41661 ], [ 16.60127, 40.41646 ], [ 16.60107, 40.41631 ], [ 16.60063, 40.41607 ], [ 16.60024, 40.41594 ], [ 16.59987, 40.41588 ], [ 16.59964, 40.41592 ], [ 16.59922, 40.41618 ], [ 16.59896, 40.41676 ], [ 16.59834, 40.41831 ], [ 16.59828, 40.41869 ], [ 16.59826, 40.41915 ], [ 16.59819, 40.41943 ], [ 16.59776, 40.42031 ], [ 16.5967, 40.42191 ], [ 16.59649, 40.42213 ], [ 16.59608, 40.42222 ], [ 16.59536, 40.42214 ], [ 16.58905, 40.42115 ], [ 16.58857, 40.42096 ], [ 16.58821, 40.42073 ], [ 16.58798, 40.42054 ], [ 16.58777, 40.42031 ], [ 16.58769, 40.42015 ], [ 16.58758, 40.41989 ], [ 16.58756, 40.4196 ], [ 16.5876, 40.41938 ], [ 16.58774, 40.41907 ], [ 16.58778, 40.41871 ], [ 16.5878, 40.41835 ], [ 16.5876, 40.41812 ], [ 16.58722, 40.41776 ], [ 16.5868, 40.41758 ], [ 16.57377, 40.41647 ], [ 16.57333, 40.41651 ], [ 16.57139, 40.41673 ], [ 16.57097, 40.41681 ], [ 16.57052, 40.41693 ], [ 16.57011, 40.41707 ], [ 16.5697, 40.41721 ], [ 16.56948, 40.41734 ], [ 16.5693, 40.41753 ], [ 16.56919, 40.41783 ], [ 16.56923, 40.41804 ], [ 16.56932, 40.4183 ], [ 16.56947, 40.41861 ], [ 16.5695, 40.41864 ], [ 16.56976, 40.41885 ], [ 16.57043, 40.41941 ], [ 16.57098, 40.41983 ], [ 16.57181, 40.4204 ], [ 16.5723, 40.4207 ], [ 16.57356, 40.42132 ], [ 16.57414, 40.42158 ], [ 16.57465, 40.42183 ], [ 16.57501, 40.42203 ], [ 16.57529, 40.42224 ], [ 16.57551, 40.42252 ], [ 16.57565, 40.42285 ], [ 16.5759, 40.42386 ], [ 16.57588, 40.42413 ], [ 16.57583, 40.42445 ], [ 16.57156, 40.43033 ], [ 16.57105, 40.43088 ], [ 16.57045, 40.43138 ], [ 16.56956, 40.4321 ], [ 16.55751, 40.43911 ], [ 16.55703, 40.43934 ], [ 16.55647, 40.43949 ], [ 16.55008, 40.44112 ], [ 16.54821, 40.44144 ], [ 16.54816, 40.44145 ], [ 16.54688, 40.44162 ], [ 16.54179, 40.44489 ], [ 16.54108, 40.44534 ], [ 16.54063, 40.44557 ], [ 16.54008, 40.44575 ], [ 16.53935, 40.44595 ], [ 16.53893, 40.44595 ], [ 16.53835, 40.44594 ], [ 16.53789, 40.4459 ], [ 16.53739, 40.4457 ], [ 16.53704, 40.44544 ], [ 16.53673, 40.44509 ], [ 16.53652, 40.4448 ], [ 16.53631, 40.44446 ], [ 16.53615, 40.44409 ], [ 16.53604, 40.44371 ], [ 16.53593, 40.44338 ], [ 16.53582, 40.44306 ], [ 16.53567, 40.44277 ], [ 16.53549, 40.44253 ], [ 16.53501, 40.44234 ], [ 16.5323, 40.44204 ], [ 16.53065, 40.44265 ], [ 16.53001, 40.44317 ], [ 16.52928, 40.44301 ], [ 16.52863, 40.44276 ], [ 16.52851, 40.44271 ], [ 16.5283, 40.44261 ], [ 16.52779, 40.44234 ], [ 16.52713, 40.44195 ], [ 16.52692, 40.44176 ], [ 16.52631, 40.44121 ], [ 16.5233, 40.43808 ], [ 16.52223, 40.43526 ], [ 16.51788, 40.43021 ], [ 16.51511, 40.427 ], [ 16.51449, 40.42639 ], [ 16.51273, 40.4253 ], [ 16.51185, 40.42476 ], [ 16.51107, 40.42391 ], [ 16.51022, 40.42279 ], [ 16.509, 40.42065 ], [ 16.50825, 40.41908 ], [ 16.50722, 40.41562 ], [ 16.50553, 40.41223 ], [ 16.50063, 40.40525 ], [ 16.49727, 40.40261 ], [ 16.49632, 40.40247 ], [ 16.49556, 40.40184 ], [ 16.49407, 40.39935 ], [ 16.4939, 40.39889 ], [ 16.49377, 40.39854 ], [ 16.49361, 40.39796 ], [ 16.49348, 40.39732 ], [ 16.4933, 40.39643 ], [ 16.49323, 40.39569 ], [ 16.49353, 40.39445 ], [ 16.49401, 40.39355 ], [ 16.49438, 40.39303 ], [ 16.49475, 40.39233 ], [ 16.495, 40.39184 ], [ 16.49529, 40.39091 ], [ 16.49545, 40.39018 ], [ 16.49527, 40.38657 ], [ 16.49512, 40.38587 ], [ 16.49497, 40.38523 ], [ 16.49434, 40.38465 ], [ 16.49401, 40.3844 ], [ 16.4936, 40.38418 ], [ 16.49325, 40.38404 ], [ 16.49302, 40.384 ], [ 16.49275, 40.38393 ], [ 16.49232, 40.3838 ], [ 16.49131, 40.38324 ], [ 16.48968, 40.38225 ], [ 16.48839, 40.38136 ], [ 16.48784, 40.38097 ], [ 16.4859, 40.37957 ], [ 16.49119, 40.37854 ], [ 16.50021, 40.37459 ], [ 16.5086, 40.37404 ], [ 16.5131, 40.37478 ], [ 16.5183, 40.3681 ], [ 16.51932, 40.36535 ], [ 16.51899, 40.36482 ], [ 16.5186, 40.36459 ], [ 16.51723, 40.36409 ], [ 16.51801, 40.35935 ], [ 16.51877, 40.35791 ], [ 16.52034, 40.35735 ], [ 16.5258, 40.35598 ], [ 16.53632, 40.35404 ], [ 16.55973, 40.34845 ], [ 16.58026, 40.3449 ], [ 16.58453, 40.34536 ], [ 16.58829, 40.34623 ], [ 16.59524, 40.34345 ], [ 16.60562, 40.33697 ], [ 16.6041, 40.33401 ], [ 16.60483, 40.33349 ], [ 16.6166, 40.32544 ], [ 16.61725, 40.32501 ], [ 16.6195, 40.32385 ], [ 16.62024, 40.32349 ], [ 16.6209, 40.32319 ], [ 16.62943, 40.32019 ], [ 16.63076, 40.32 ], [ 16.63197, 40.31992 ], [ 16.63269, 40.31988 ], [ 16.64026, 40.32009 ], [ 16.64745, 40.32037 ], [ 16.64853, 40.32044 ], [ 16.64921, 40.32046 ], [ 16.64996, 40.32048 ], [ 16.65058, 40.32038 ], [ 16.65138, 40.32021 ], [ 16.66012, 40.31777 ], [ 16.66013, 40.31587 ], [ 16.66765, 40.31542 ], [ 16.67966, 40.31392 ], [ 16.6803, 40.31375 ], [ 16.69178, 40.30774 ], [ 16.70266, 40.30178 ], [ 16.70296, 40.30152 ], [ 16.70334, 40.30123 ], [ 16.70376, 40.30105 ], [ 16.71787, 40.29672 ], [ 16.71831, 40.29658 ], [ 16.71946, 40.29633 ], [ 16.72006, 40.29626 ], [ 16.72524, 40.29574 ], [ 16.72642, 40.29568 ], [ 16.73103, 40.29558 ], [ 16.73773, 40.29638 ], [ 16.74405, 40.2973 ], [ 16.75878, 40.2955 ], [ 16.77079, 40.28905 ], [ 16.77251, 40.28798 ], [ 16.77302, 40.28741 ], [ 16.77386, 40.2864 ], [ 16.77421, 40.28587 ], [ 16.77438, 40.28556 ], [ 16.77455, 40.28516 ], [ 16.77496, 40.28407 ], [ 16.775, 40.28412 ], [ 16.77512, 40.28429 ], [ 16.77517, 40.28438 ], [ 16.77526, 40.28451 ], [ 16.77535, 40.28459 ], [ 16.7754, 40.28464 ], [ 16.77542, 40.28468 ], [ 16.77545, 40.28473 ], [ 16.7755, 40.28482 ], [ 16.77557, 40.28497 ], [ 16.77563, 40.28507 ], [ 16.77567, 40.28512 ], [ 16.77573, 40.2852 ], [ 16.77576, 40.28523 ], [ 16.77598, 40.28564 ], [ 16.77598, 40.28566 ], [ 16.77599, 40.28574 ], [ 16.776, 40.28584 ], [ 16.77605, 40.28594 ], [ 16.77615, 40.28606 ], [ 16.77626, 40.28617 ], [ 16.77636, 40.28635 ], [ 16.77639, 40.28644 ], [ 16.77643, 40.28653 ], [ 16.77652, 40.28666 ], [ 16.77653, 40.28668 ], [ 16.78228, 40.29679 ], [ 16.78298, 40.29799 ], [ 16.78504, 40.30093 ], [ 16.78621, 40.30257 ], [ 16.78636, 40.30274 ], [ 16.80036, 40.3179 ], [ 16.80037, 40.31793 ], [ 16.8004, 40.31803 ], [ 16.80046, 40.31811 ], [ 16.80053, 40.31819 ], [ 16.80062, 40.31829 ], [ 16.80073, 40.31843 ], [ 16.80083, 40.31854 ], [ 16.80103, 40.31873 ], [ 16.80122, 40.31893 ], [ 16.80136, 40.31909 ], [ 16.80152, 40.31929 ], [ 16.80163, 40.31942 ], [ 16.80186, 40.31962 ], [ 16.80198, 40.31974 ], [ 16.80203, 40.31981 ], [ 16.80206, 40.31987 ], [ 16.80212, 40.31993 ], [ 16.80228, 40.32006 ], [ 16.8023, 40.3201 ], [ 16.80235, 40.32016 ], [ 16.80244, 40.32024 ], [ 16.80253, 40.32031 ], [ 16.80262, 40.32041 ], [ 16.80266, 40.32049 ], [ 16.80273, 40.32057 ], [ 16.80282, 40.32065 ], [ 16.80285, 40.32067 ], [ 16.80285, 40.32071 ], [ 16.80284, 40.32076 ], [ 16.80285, 40.32083 ], [ 16.80287, 40.32088 ], [ 16.80291, 40.32094 ], [ 16.80296, 40.321 ], [ 16.80302, 40.32105 ], [ 16.80319, 40.3212 ], [ 16.80341, 40.32139 ], [ 16.80351, 40.32148 ], [ 16.8036, 40.32156 ], [ 16.80367, 40.32159 ], [ 16.80375, 40.32166 ], [ 16.80386, 40.32179 ], [ 16.80396, 40.32189 ], [ 16.80412, 40.32202 ], [ 16.80419, 40.32208 ], [ 16.80436, 40.32226 ], [ 16.80449, 40.32239 ], [ 16.80455, 40.32248 ], [ 16.80459, 40.32257 ], [ 16.80465, 40.32266 ], [ 16.80473, 40.32277 ], [ 16.80479, 40.32285 ], [ 16.80492, 40.32299 ], [ 16.80498, 40.32305 ], [ 16.80514, 40.32316 ], [ 16.80532, 40.32329 ], [ 16.80553, 40.32347 ], [ 16.80578, 40.32368 ], [ 16.80604, 40.32387 ], [ 16.80626, 40.32403 ], [ 16.80638, 40.32412 ], [ 16.80648, 40.32418 ], [ 16.80653, 40.32424 ], [ 16.80661, 40.32431 ], [ 16.80675, 40.32439 ], [ 16.80687, 40.32447 ], [ 16.80691, 40.32449 ], [ 16.80894, 40.32652 ], [ 16.80902, 40.32666 ], [ 16.80911, 40.32676 ], [ 16.80917, 40.32683 ], [ 16.80929, 40.32692 ], [ 16.80943, 40.32702 ], [ 16.80946, 40.32705 ], [ 16.81649, 40.33474 ], [ 16.81637, 40.33491 ], [ 16.81612, 40.33529 ], [ 16.81589, 40.3356 ], [ 16.8158, 40.33573 ], [ 16.81579, 40.33575 ], [ 16.81578, 40.33576 ], [ 16.81552, 40.33611 ], [ 16.81532, 40.3364 ], [ 16.8151, 40.33667 ], [ 16.81491, 40.33685 ], [ 16.81477, 40.33695 ], [ 16.81458, 40.33708 ], [ 16.81439, 40.33719 ], [ 16.81418, 40.3373 ], [ 16.81396, 40.33739 ], [ 16.8139, 40.33741 ], [ 16.8138, 40.33743 ], [ 16.81354, 40.33773 ], [ 16.81308, 40.33786 ], [ 16.81298, 40.33765 ], [ 16.81289, 40.33767 ], [ 16.81299, 40.33788 ], [ 16.81243, 40.33803 ], [ 16.81172, 40.33823 ], [ 16.81169, 40.33824 ], [ 16.81164, 40.33814 ], [ 16.81152, 40.33817 ], [ 16.81156, 40.33827 ], [ 16.81155, 40.33827 ], [ 16.81153, 40.33827 ], [ 16.81144, 40.33822 ], [ 16.81114, 40.33805 ], [ 16.81096, 40.33795 ], [ 16.8107, 40.33775 ], [ 16.81033, 40.33748 ], [ 16.80994, 40.33719 ], [ 16.80974, 40.33703 ], [ 16.80968, 40.337 ], [ 16.80967, 40.33699 ], [ 16.80963, 40.33699 ], [ 16.80961, 40.337 ], [ 16.80959, 40.337 ], [ 16.80958, 40.33701 ], [ 16.80942, 40.33713 ], [ 16.80934, 40.3372 ], [ 16.80888, 40.33755 ], [ 16.80863, 40.33775 ], [ 16.80858, 40.33779 ], [ 16.80858, 40.33784 ], [ 16.80859, 40.33784 ], [ 16.80877, 40.33798 ], [ 16.80892, 40.3381 ], [ 16.80969, 40.3375 ], [ 16.80971, 40.33751 ], [ 16.80894, 40.33811 ], [ 16.80921, 40.33831 ], [ 16.80926, 40.33835 ], [ 16.81003, 40.33776 ], [ 16.81005, 40.33778 ], [ 16.80928, 40.33837 ], [ 16.80961, 40.33862 ], [ 16.81037, 40.33802 ], [ 16.8104, 40.33803 ], [ 16.80963, 40.33863 ], [ 16.80969, 40.33867 ], [ 16.80981, 40.33877 ], [ 16.81008, 40.33896 ], [ 16.81087, 40.33835 ], [ 16.81089, 40.33837 ], [ 16.8101, 40.33898 ], [ 16.81019, 40.33905 ], [ 16.81042, 40.33922 ], [ 16.81046, 40.33923 ], [ 16.81049, 40.33923 ], [ 16.81084, 40.33914 ], [ 16.81136, 40.339 ], [ 16.81203, 40.33881 ], [ 16.81255, 40.33867 ], [ 16.81262, 40.33866 ], [ 16.81269, 40.33866 ], [ 16.81273, 40.33867 ], [ 16.81278, 40.33869 ], [ 16.81281, 40.33872 ], [ 16.81284, 40.33874 ], [ 16.81286, 40.33877 ], [ 16.81287, 40.33879 ], [ 16.81287, 40.33881 ], [ 16.81288, 40.33885 ], [ 16.81287, 40.33887 ], [ 16.81287, 40.33889 ], [ 16.81286, 40.3389 ], [ 16.81284, 40.33893 ], [ 16.8128, 40.33901 ], [ 16.81379, 40.33936 ], [ 16.81377, 40.33939 ], [ 16.81278, 40.33904 ], [ 16.81264, 40.33926 ], [ 16.8125, 40.33949 ], [ 16.8135, 40.33985 ], [ 16.81349, 40.33987 ], [ 16.81249, 40.33951 ], [ 16.81248, 40.33952 ], [ 16.81226, 40.33989 ], [ 16.81326, 40.34025 ], [ 16.81324, 40.34027 ], [ 16.81225, 40.33991 ], [ 16.81218, 40.34004 ], [ 16.81206, 40.34023 ], [ 16.81295, 40.34054 ], [ 16.81294, 40.34057 ], [ 16.81204, 40.34025 ], [ 16.81188, 40.34052 ], [ 16.81185, 40.34056 ], [ 16.81274, 40.34087 ], [ 16.81273, 40.3409 ], [ 16.81184, 40.34059 ], [ 16.81173, 40.34075 ], [ 16.81165, 40.34088 ], [ 16.81165, 40.34089 ], [ 16.81165, 40.34091 ], [ 16.81166, 40.34093 ], [ 16.81167, 40.34094 ], [ 16.81167, 40.34095 ], [ 16.81173, 40.34097 ], [ 16.81176, 40.34098 ], [ 16.81188, 40.34103 ], [ 16.81215, 40.34112 ], [ 16.81249, 40.34124 ], [ 16.81261, 40.34129 ], [ 16.81265, 40.34129 ], [ 16.81271, 40.34129 ], [ 16.81279, 40.34127 ], [ 16.81284, 40.34123 ], [ 16.81298, 40.34111 ], [ 16.81339, 40.34073 ], [ 16.81356, 40.34057 ], [ 16.81372, 40.34031 ], [ 16.81405, 40.33977 ], [ 16.81416, 40.33959 ], [ 16.81434, 40.3393 ], [ 16.81438, 40.33922 ], [ 16.81441, 40.33912 ], [ 16.81443, 40.33901 ], [ 16.81443, 40.33891 ], [ 16.81442, 40.33881 ], [ 16.8144, 40.33875 ], [ 16.81437, 40.33863 ], [ 16.81436, 40.33855 ], [ 16.81436, 40.33842 ], [ 16.81439, 40.33829 ], [ 16.81442, 40.3382 ], [ 16.81446, 40.33811 ], [ 16.81452, 40.33801 ], [ 16.8146, 40.3379 ], [ 16.81465, 40.33784 ], [ 16.81484, 40.33768 ], [ 16.81502, 40.33752 ], [ 16.81502, 40.33749 ], [ 16.81502, 40.33747 ], [ 16.81505, 40.33744 ], [ 16.81528, 40.3372 ], [ 16.81553, 40.33693 ], [ 16.81571, 40.33672 ], [ 16.81587, 40.33653 ], [ 16.81596, 40.33639 ], [ 16.81613, 40.33611 ], [ 16.81638, 40.33575 ], [ 16.81639, 40.33573 ], [ 16.81641, 40.3357 ], [ 16.81673, 40.33523 ], [ 16.81682, 40.33509 ], [ 16.81708, 40.33538 ], [ 16.81696, 40.33545 ], [ 16.81685, 40.33553 ], [ 16.81675, 40.33563 ], [ 16.81667, 40.33572 ], [ 16.81666, 40.33575 ], [ 16.8166, 40.3359 ], [ 16.81657, 40.33602 ], [ 16.81653, 40.33611 ], [ 16.81654, 40.33631 ], [ 16.81657, 40.33642 ], [ 16.81663, 40.33653 ], [ 16.81668, 40.33658 ], [ 16.81674, 40.33661 ], [ 16.81677, 40.33664 ], [ 16.81678, 40.33669 ], [ 16.81675, 40.33681 ], [ 16.81674, 40.33693 ], [ 16.81676, 40.33703 ], [ 16.81676, 40.33718 ], [ 16.81682, 40.33738 ], [ 16.81691, 40.33757 ], [ 16.81699, 40.3377 ], [ 16.81747, 40.33834 ], [ 16.81751, 40.33831 ], [ 16.81758, 40.33828 ], [ 16.81768, 40.33825 ], [ 16.81778, 40.33821 ], [ 16.81783, 40.3382 ], [ 16.81785, 40.3382 ], [ 16.81787, 40.33822 ], [ 16.8179, 40.33826 ], [ 16.81794, 40.33832 ], [ 16.818, 40.33835 ], [ 16.8181, 40.33839 ], [ 16.81821, 40.33841 ], [ 16.81829, 40.33846 ], [ 16.81833, 40.33852 ], [ 16.81839, 40.33859 ], [ 16.81844, 40.33861 ], [ 16.81854, 40.33862 ], [ 16.81868, 40.33864 ], [ 16.81874, 40.33865 ], [ 16.81878, 40.33867 ], [ 16.81881, 40.3387 ], [ 16.81881, 40.33874 ], [ 16.81879, 40.33878 ], [ 16.8188, 40.33883 ], [ 16.8189, 40.33905 ], [ 16.81898, 40.33916 ], [ 16.81926, 40.33941 ], [ 16.81933, 40.3395 ], [ 16.81941, 40.33957 ], [ 16.81952, 40.33964 ], [ 16.8198, 40.33983 ], [ 16.81991, 40.33989 ], [ 16.82001, 40.33993 ], [ 16.82005, 40.33998 ], [ 16.82008, 40.34005 ], [ 16.8201, 40.34011 ], [ 16.82011, 40.34014 ], [ 16.82015, 40.34018 ], [ 16.82053, 40.34057 ], [ 16.82059, 40.34062 ], [ 16.82067, 40.34065 ], [ 16.82073, 40.34068 ], [ 16.82078, 40.34073 ], [ 16.82086, 40.34082 ], [ 16.82093, 40.34094 ], [ 16.82107, 40.34109 ], [ 16.82116, 40.34115 ], [ 16.82127, 40.34122 ], [ 16.82134, 40.34129 ], [ 16.82144, 40.34139 ], [ 16.82179, 40.34172 ] ], [ [ 16.645, 40.39875 ], [ 16.64512, 40.39878 ], [ 16.64541, 40.39883 ], [ 16.645, 40.39875 ] ], [ [ 16.64236, 40.3991 ], [ 16.64243, 40.39907 ], [ 16.64257, 40.39899 ], [ 16.64236, 40.3991 ] ], [ [ 16.53783, 40.39896 ], [ 16.53784, 40.39894 ], [ 16.53781, 40.39899 ], [ 16.53783, 40.39896 ] ], [ [ 16.49425, 40.39894 ], [ 16.49419, 40.39893 ], [ 16.49428, 40.39895 ], [ 16.49425, 40.39894 ] ], [ [ 16.51921, 40.3989 ], [ 16.51925, 40.39886 ], [ 16.51922, 40.39888 ], [ 16.51921, 40.3989 ] ], [ [ 16.50332, 40.39911 ], [ 16.50333, 40.39909 ], [ 16.50337, 40.39899 ], [ 16.50332, 40.39911 ] ], [ [ 16.50698, 40.39915 ], [ 16.507, 40.39909 ], [ 16.50701, 40.39905 ], [ 16.50698, 40.39915 ] ], [ [ 16.5109, 40.39885 ], [ 16.51093, 40.39881 ], [ 16.51091, 40.39883 ], [ 16.5109, 40.39885 ] ], [ [ 16.5312, 40.39998 ], [ 16.53153, 40.40026 ], [ 16.53137, 40.40012 ], [ 16.5312, 40.39998 ] ], [ [ 16.53034, 40.39926 ], [ 16.53047, 40.39936 ], [ 16.53041, 40.39931 ], [ 16.53034, 40.39926 ] ], [ [ 16.55856, 40.39851 ], [ 16.55837, 40.39826 ], [ 16.55852, 40.39846 ], [ 16.55856, 40.39851 ] ], [ [ 16.58187, 40.39947 ], [ 16.58181, 40.39952 ], [ 16.58193, 40.39943 ], [ 16.58187, 40.39947 ] ], [ [ 16.61965, 40.39899 ], [ 16.61953, 40.39891 ], [ 16.61954, 40.39892 ], [ 16.61965, 40.39899 ] ], [ [ 16.61979, 40.39869 ], [ 16.61984, 40.39878 ], [ 16.61981, 40.39872 ], [ 16.61979, 40.39869 ] ], [ [ 16.66617, 40.398 ], [ 16.66613, 40.39798 ], [ 16.66631, 40.39808 ], [ 16.66617, 40.398 ] ] ] }, { "type": "MultiLineString", "coordinates": [ [ [ 16.51593, 40.39899 ], [ 16.51595, 40.39896 ] ], [ [ 16.51531, 40.39894 ], [ 16.51532, 40.39899 ] ], [ [ 16.51457, 40.39903 ], [ 16.51458, 40.39904 ] ], [ [ 16.51457, 40.39903 ], [ 16.51456, 40.39902 ] ], [ [ 16.56131, 40.39899 ], [ 16.56133, 40.39884 ] ], [ [ 16.56131, 40.39899 ], [ 16.56129, 40.3991 ] ] ] } ] } }
]
}
